"Country Name","Country Code","Indicator Name","Indicator Code","1960","1961","1962","1963","1964","1965","1966","1967","1968","1969","1970","1971","1972","1973","1974","1975","1976","1977","1978","1979","1980","1981","1982","1983","1984","1985","1986","1987","1988","1989","1990","1991","1992","1993","1994","1995","1996","1997","1998","1999","2000","2001","2002","2003","2004","2005","2006","2007","2008","2009","2010","2011","2012","2013","2014","2015","2016","2017","2018","2019","2020","2021","2022","2023","2024",
"Aruba","ABW","Population living in slums (% of urban population)","EN.POP.SLUM.UR.ZS","","","","","","","","","","","","","","","","","","","","","","","","","","","","","","","","","","","","","","","","","0","","0","","0","","0","","0","","0","","0","","0","","0","","0","","0","","0","","",
"Africa Eastern and Southern","AFE","Population living in slums (% of urban population)","EN.POP.SLUM.UR.ZS","","","","","","","","","","","","","","","","","","","","","","","","","","","","","","","","","","","","","","","","","53.2249577685358","","61.4068055252338","","60.3020618888339","","59.7368516636814","","58.900209205313","","58.0815813959072","","57.2182143287021","","56.3614909794462","","55.5067915320135","","55.0743332711032","","54.6783936489693","","57.047184983302","","",
"Afghanistan","AFG","Population living in slums (% of urban population)","EN.POP.SLUM.UR.ZS","","","","","","","","","","","","","","","","","","","","","","","","","","","","","","","","","","","","","","","","","","","","","","","63.6","","63.6","","64.80761","","67.24795","","69.68829","","72.12863","","73.3","","73.3","","71.58904","","",
"Africa Western and Central","AFW","Population living in slums (% of urban population)","EN.POP.SLUM.UR.ZS","","","","","","","","","","","","","","","","","","","","","","","","","","","","","","","","","","","","","","","","","71.2648848333437","","69.0224884500819","","66.58591827105","","64.05889141725","","61.5581645429543","","58.9930156029489","","56.4257469133284","","53.851319939696","","51.2842627913565","","49.0797008790995","","47.0889308158865","","51.2354204000656","","",
"Angola","AGO","Population living in slums (% of urban population)","EN.POP.SLUM.UR.ZS","","","","","","","","","","","","","","","","","","","","","","","","","","","","","","","","","","","","","","","","","19.7","","19.7","","19.66039","","25.79191","","31.92344","","38.05496","","44.18648","","50.31801","","56.44953","","62.58105","","62.6","","62.7","","",
"Albania","ALB","Population living in slums (% of urban population)","EN.POP.SLUM.UR.ZS","","","","","","","","","","","","","","","","","","","","","","","","","","","","","","","","","","","","","","","","","28.1","","25.5","","23","","20.5","","17.9","","15.4","","12.9","","10.3","","7.8","","5.3","","2.8","","2.7","","",
"Andorra","AND","Population living in slums (% of urban population)","EN.POP.SLUM.UR.ZS","","","","","","","","","","","","","","","","","","","","","","","","","","","","","","","","","","","","","","","","","0","","0","","0","","0","","0","","0","","0","","0","","0","","0","","0","","0","","",
"Arab World","ARB","Population living in slums (% of urban population)","EN.POP.SLUM.UR.ZS","","","","","","","","","","","","","","","","","","","","","","","","","","","","","","","","","","","","","","","","","36.7253459640636","","43.419093543912","","41.2550804524809","","36.5255724105933","","33.4522151494013","","30.7864640001183","","27.5041156568181","","24.1319045295516","","22.8908154915966","","22.5973913297001","","22.9176423426598","","21.9763246707865","","",
"United Arab Emirates","ARE","Population living in slums (% of urban population)","EN.POP.SLUM.UR.ZS","","","","","","","","","","","","","","","","","","","","","","","","","","","","","","","","","","","","","","","","","0.7025","","0.95","","0.95","","0.95","","0.8","","0.65","","0.5","","0.4","","0.25","","0.1","","0.2265","","0.11325","","",
"Argentina","ARG","Population living in slums (% of urban population)","EN.POP.SLUM.UR.ZS","","","","","","","","","","","","","","","","","","","","","","","","","","","","","","","","","","","","","","","","","20.29188","","19.56624","","18.84059","","18.11494","","17.3893","","16.66365","","15.93801","","15.2","","14.5","","14.5","","14.5","","14.5","","",
"Armenia","ARM","Population living in slums (% of urban population)","EN.POP.SLUM.UR.ZS","","","","","","","","","","","","","","","","","","","","","","","","","","","","","","","","","","","","","","","","","12.79599","","12.30696","","11.81793","","11.3289","","10.83987","","10.35084","","9.86181","","9.37278","","8.88375","","8.39472","","8.39472","","8.39472","","",
"American Samoa","ASM","Population living in slums (% of urban population)","EN.POP.SLUM.UR.ZS","","","","","","","","","","","","","","","","","","","","","","","","","","","","","","","","","","","","","","","","","","","","","","","","","","","","","","","","","","","","","","","","","",
"Antigua and Barbuda","ATG","Population living in slums (% of urban population)","EN.POP.SLUM.UR.ZS","","","","","","","","","","","","","","","","","","","","","","","","","","","","","","","","","","","","","","","","","","","","","","","","","","","2.6463","","2.6463","","2.6463","","2.6463","","2.6463","","2.6463","","2.64634","","",
"Australia","AUS","Population living in slums (% of urban population)","EN.POP.SLUM.UR.ZS","","","","","","","","","","","","","","","","","","","","","","","","","","","","","","","","","","","","","","","","","0.165","","0.165","","0.145","","0.125","","0.105","","0.085","","0.065","","0.045","","0.035","","0.035","","0.035","","0.035","","",
"Austria","AUT","Population living in slums (% of urban population)","EN.POP.SLUM.UR.ZS","","","","","","","","","","","","","","","","","","","","","","","","","","","","","","","","","","","","","","","","","4.5","","4.4","","4.4","","4.4","","","","","","","","","","","","","","","","0.04663","","",
"Azerbaijan","AZE","Population living in slums (% of urban population)","EN.POP.SLUM.UR.ZS","","","","","","","","","","","","","","","","","","","","","","","","","","","","","","","","","","","","","","","","","50.94","","44.93667","","38.93333","","32.93","","26.92667","","26.92667","","26.92667","","","","","","","","","","","","",
"Burundi","BDI","Population living in slums (% of urban population)","EN.POP.SLUM.UR.ZS","","","","","","","","","","","","","","","","","","","","","","","","","","","","","","","","","","","","","","","","","79.7","","79.7","","77.04306","","71.68054","","66.31802","","60.9555","","55.59298","","50.23046","","44.86794","","39.50542","","36.8","","36.75168","","",
"Belgium","BEL","Population living in slums (% of urban population)","EN.POP.SLUM.UR.ZS","","","","","","","","","","","","","","","","","","","","","","","","","","","","","","","","","","","","","","","","","0","","0","","0","","0","","0","","0","","0","","0","","0","","0","","0","","0","","",
"Benin","BEN","Population living in slums (% of urban population)","EN.POP.SLUM.UR.ZS","","","","","","","","","","","","","","","","","","","","","","","","","","","","","","","","","","","","","","","","","71.86569","","71.47241","","71.07914","","70.68586","","70.29258","","69.89931","","69.50603","","69.11276","","68.71948","","68.3262","","67.93293","","64.01064","","",
"Burkina Faso","BFA","Population living in slums (% of urban population)","EN.POP.SLUM.UR.ZS","","","","","","","","","","","","","","","","","","","","","","","","","","","","","","","","","","","","","","","","","82.21152","","76.64539","","71.07927","","65.51314","","59.94701","","54.38089","","48.81476","","43.24863","","37.6825","","32.11638","","26.55025","","87.88175","","",
"Bangladesh","BGD","Population living in slums (% of urban population)","EN.POP.SLUM.UR.ZS","","","","","","","","","","","","","","","","","","","","","","","","","","","","","","","","","","","","","","","","","58.31077","","57.66662","","57.02246","","56.3783","","55.73415","","55.08999","","54.44584","","53.80168","","53.15752","","52.51337","","51.86921","","51.50833","","",
"Bulgaria","BGR","Population living in slums (% of urban population)","EN.POP.SLUM.UR.ZS","","","","","","","","","","","","","","","","","","","","","","","","","","","","","","","","","","","","","","","","","0.05","","0.1","","0.1","","0.1","","0.15","","0.15","","0.15","","0.2","","0.2","","0.2","","0.25","","0.19661","","",
"Bahrain","BHR","Population living in slums (% of urban population)","EN.POP.SLUM.UR.ZS","","","","","","","","","","","","","","","","","","","","","","","","","","","","","","","","","","","","","","","","","","","","","","","","","","","","","","","","","","","0","","","","","","",
"Bahamas, The","BHS","Population living in slums (% of urban population)","EN.POP.SLUM.UR.ZS","","","","","","","","","","","","","","","","","","","","","","","","","","","","","","","","","","","","","","","","","","","","","","","","","","","","","","","","","","","","","","","","","",
"Bosnia and Herzegovina","BIH","Population living in slums (% of urban population)","EN.POP.SLUM.UR.ZS","","","","","","","","","","","","","","","","","","","","","","","","","","","","","","","","","","","","","","","","","5.1","","5.1","","5.1","","4.9","","4.7","","4.5","","4.3","","4","","4","","4","","0.3128","","0.3128","","",
"Belarus","BLR","Population living in slums (% of urban population)","EN.POP.SLUM.UR.ZS","","","","","","","","","","","","","","","","","","","","","","","","","","","","","","","","","","","","","","","","","","","","","","","","","","0.004","","","","","","","","","","0.004","","","","","",
"Belize","BLZ","Population living in slums (% of urban population)","EN.POP.SLUM.UR.ZS","","","","","","","","","","","","","","","","","","","","","","","","","","","","","","","","","","","","","","","","","15.8","","15.76133","","15.75733","","15.75333","","15.74933","","15.74533","","15.74133","","15.73733","","15.73333","","15.72933","","15.72533","","15.72533","","",
"Bermuda","BMU","Population living in slums (% of urban population)","EN.POP.SLUM.UR.ZS","","","","","","","","","","","","","","","","","","","","","","","","","","","","","","","","","","","","","","","","","0.01336","","0.02302","","0.03269","","0.1","","0.1","","0.1","","0.1","","0.1","","0.1","","0.1","","0.1","","0.07761","","",
"Bolivia","BOL","Population living in slums (% of urban population)","EN.POP.SLUM.UR.ZS","","","","","","","","","","","","","","","","","","","","","","","","","","","","","","","","","","","","","","","","","57.94489","","55.68105","","53.41721","","51.15337","","48.88953","","46.62568","","46.62568","","46.62568","","","","","","","","46.62568","","",
"Brazil","BRA","Population living in slums (% of urban population)","EN.POP.SLUM.UR.ZS","","","","","","","","","","","","","","","","","","","","","","","","","","","","","","","","","","","","","","","","","34.73978","","31.43266","","28.12555","","24.81844","","21.51132","","18.20421","","14.8971","","14.8971","","14.8971","","","","","","14.8971","","",
"Barbados","BRB","Population living in slums (% of urban population)","EN.POP.SLUM.UR.ZS","","","","","","","","","","","","","","","","","","","","","","","","","","","","","","","","","","","","","","","","","","","","","","","","","","","","","","","","","","","","","","","","","",
"Brunei Darussalam","BRN","Population living in slums (% of urban population)","EN.POP.SLUM.UR.ZS","","","","","","","","","","","","","","","","","","","","","","","","","","","","","","","","","","","","","","","","","37.41056","","35.7893","","34.12692","","32.35866","","30.56831","","28.77162","","27.04235","","25.29948","","23.5391","","22.43622","","21.72738","","21.59688","","",
"Bhutan","BTN","Population living in slums (% of urban population)","EN.POP.SLUM.UR.ZS","","","","","","","","","","","","","","","","","","","","","","","","","","","","","","","","","","","","","","","","","57.60128","","56.79227","","55.97413","","55.27324","","54.47522","","53.69789","","52.94421","","52.19329","","51.44004","","50.66515","","50.42596","","44.6899","","",
"Botswana","BWA","Population living in slums (% of urban population)","EN.POP.SLUM.UR.ZS","","","","","","","","","","","","","","","","","","","","","","","","","","","","","","","","","","","","","","","","","58.69239","","56.56976","","54.44714","","52.32451","","50.20189","","48.07927","","45.95664","","43.83402","","41.71139","","39.58877","","39.6","","39.6","","",
"Central African Republic","CAF","Population living in slums (% of urban population)","EN.POP.SLUM.UR.ZS","","","","","","","","","","","","","","","","","","","","","","","","","","","","","","","","","","","","","","","","","85.96516","","83.12315","","80.28114","","77.43913","","74.59712","","71.75511","","68.9131","","68.9131","","68.9131","","68.9131","","68.9131","","68.9131","","",
"Canada","CAN","Population living in slums (% of urban population)","EN.POP.SLUM.UR.ZS","","","","","","","","","","","","","","","","","","","","","","","","","","","","","","","","","","","","","","","","","0.25","","0.25","","0.25","","0.3","","0.45","","0.5","","0.55","","0.65","","0.7","","0.8","","0.8","","1.09583","","",
"Central Europe and the Baltics","CEB","Population living in slums (% of urban population)","EN.POP.SLUM.UR.ZS","","","","","","","","","","","","","","","","","","","","","","","","","","","","","","","","","","","","","","","","","2.54743739000935","","2.97925584783477","","2.74374590219611","","2.46342970766859","","2.13560307269611","","1.82550757600451","","1.51495002648539","","1.31020425738478","","2.86210025908928","","2.17887728011013","","1.87113609995484","","2.23232398082079","","",
"Switzerland","CHE","Population living in slums (% of urban population)","EN.POP.SLUM.UR.ZS","","","","","","","","","","","","","","","","","","","","","","","","","","","","","","","","","","","","","","","","","0","","0","","0","","0","","0","","0","","0","","0","","0","","0","","0","","0","","",
"Channel Islands","CHI","Population living in slums (% of urban population)","EN.POP.SLUM.UR.ZS","","","","","","","","","","","","","","","","","","","","","","","","","","","","","","","","","","","","","","","","","","","","","","","","","","","","","","","","","","","","","","","","","",
"Chile","CHL","Population living in slums (% of urban population)","EN.POP.SLUM.UR.ZS","","","","","","","","","","","","","","","","","","","","","","","","","","","","","","","","","","","","","","","","","14.616","","10.97","","7.324","","7.3","","7.3","","","","","","","","","","","","","","7.324","","",
"China","CHN","Population living in slums (% of urban population)","EN.POP.SLUM.UR.ZS","","","","","","","","","","","","","","","","","","","","","","","","","","","","","","","","","","","","","","","","","","","","","","","","","","","","","","","","","","","","","","","26.32091","","",
"Cote d'Ivoire","CIV","Population living in slums (% of urban population)","EN.POP.SLUM.UR.ZS","","","","","","","","","","","","","","","","","","","","","","","","","","","","","","","","","","","","","","","","","67.07658","","65.53594","","63.9953","","62.45466","","60.91402","","59.37338","","57.83274","","56.2921","","54.75146","","53.21082","","53.21082","","48.26127","","",
"Cameroon","CMR","Population living in slums (% of urban population)","EN.POP.SLUM.UR.ZS","","","","","","","","","","","","","","","","","","","","","","","","","","","","","","","","","","","","","","","","","65.3638","","62.0946","","58.8254","","55.55619","","52.28699","","49.01779","","45.74859","","42.47939","","39.21019","","35.94099","","32.67179","","32.67179","","",
"Congo, Dem. Rep.","COD","Population living in slums (% of urban population)","EN.POP.SLUM.UR.ZS","","","","","","","","","","","","","","","","","","","","","","","","","","","","","","","","","","","","","","","","","","","71.91424","","71.91424","","72.37482","","73.29596","","74.21711","","75.13825","","76.0594","","76.98054","","77.90169","","78.36226","","78.36226","","",
"Congo, Rep.","COG","Population living in slums (% of urban population)","EN.POP.SLUM.UR.ZS","","","","","","","","","","","","","","","","","","","","","","","","","","","","","","","","","","","","","","","","","87.80583","","87.80583","","84.68995","","78.45821","","72.22646","","65.99471","","59.76296","","53.53121","","47.29947","","44.18359","","44.18359","","75.34233","","",
"Colombia","COL","Population living in slums (% of urban population)","EN.POP.SLUM.UR.ZS","","","","","","","","","","","","","","","","","","","","","","","","","","","","","","","","","","","","","","","","","21.17683","","19.83238","","18.48794","","17.14349","","15.79905","","14.4546","","13.11016","","11.76571","","10.42127","","9.7","","9.7","","9.7","","",
"Comoros","COM","Population living in slums (% of urban population)","EN.POP.SLUM.UR.ZS","","","","","","","","","","","","","","","","","","","","","","","","","","","","","","","","","","","","","","","","","64.49449","","65.08643","","65.67836","","66.27029","","66.86223","","67.45416","","68.0461","","68.63803","","68.6","","68.6","","68.6","","48.50155","","",
"Cabo Verde","CPV","Population living in slums (% of urban population)","EN.POP.SLUM.UR.ZS","","","","","","","","","","","","","","","","","","","","","","","","","","","","","","","","","","","","","","","","","70.86701","","68.62824","","66.26286","","63.82988","","61.43036","","58.95417","","56.46129","","53.93736","","51.40312","","49.20007","","46.67545","","46.41147","","",
"Costa Rica","CRI","Population living in slums (% of urban population)","EN.POP.SLUM.UR.ZS","","","","","","","","","","","","","","","","","","","","","","","","","","","","","","","","","","","","","","","","","12.69593","","11.78091","","10.86589","","9.95087","","9.03585","","8.12083","","7.20581","","6.29079","","5.37577","","4.46075","","3.54573","","3.54573","","",
"Caribbean small states","CSS","Population living in slums (% of urban population)","EN.POP.SLUM.UR.ZS","","","","","","","","","","","","","","","","","","","","","","","","","","","","","","","","","","","","","","","","","12.7384328177733","","12.8803151183028","","12.9059793874309","","12.4813124394098","","12.0391833476138","","11.4831225719653","","11.0818378464298","","10.8856679082039","","10.9093933332507","","","","","","11.1224523264715","","",
"Cuba","CUB","Population living in slums (% of urban population)","EN.POP.SLUM.UR.ZS","","","","","","","","","","","","","","","","","","","","","","","","","","","","","","","","","","","","","","","","","2.15371","","2.15371","","2.15371","","3.20225","","4.25079","","5.29933","","6.34787","","7.3964","","8.44494","","9.49348","","10.54202","","11.04101","","",
"Curacao","CUW","Population living in slums (% of urban population)","EN.POP.SLUM.UR.ZS","","","","","","","","","","","","","","","","","","","","","","","","","","","","","","","","","","","","","","","","","","","","","","","","","","","","","","","","","","","","","","","","","",
"Cayman Islands","CYM","Population living in slums (% of urban population)","EN.POP.SLUM.UR.ZS","","","","","","","","","","","","","","","","","","","","","","","","","","","","","","","","","","","","","","","","","","","4.15","","4.15","","4.15","","4.15","","4.15","","4.15","","4.15","","4.15","","","","","","5.47921","","",
"Cyprus","CYP","Population living in slums (% of urban population)","EN.POP.SLUM.UR.ZS","","","","","","","","","","","","","","","","","","","","","","","","","","","","","","","","","","","","","","","","","0.2","","0.2","","0.2","","0.25","","0.25","","0.25","","0.25","","0.25","","0.3","","0.3","","0.3","","0.27235","","",
"Czechia","CZE","Population living in slums (% of urban population)","EN.POP.SLUM.UR.ZS","","","","","","","","","","","","","","","","","","","","","","","","","","","","","","","","","","","","","","","","","0.05","","0.05","","0.05","","0.05","","0.05","","0.05","","0.05","","0.05","","0.05","","0.05","","0.05","","0.02735","","",
"Germany","DEU","Population living in slums (% of urban population)","EN.POP.SLUM.UR.ZS","","","","","","","","","","","","","","","","","","","","","","","","","","","","","","","","","","","","","","","","","0","","0","","0","","0","","0","","0","","0","","0","","0","","0","","0","","0","","",
"Djibouti","DJI","Population living in slums (% of urban population)","EN.POP.SLUM.UR.ZS","","","","","","","","","","","","","","","","","","","","","","","","","","","","","","","","","","","","","","","","","76.73784","","74.76156","","72.35662","","69.89404","","67.40634","","64.81973","","62.16985","","59.52948","","56.84264","","53.3709","","51.93824","","48.68591","","",
"Dominica","DMA","Population living in slums (% of urban population)","EN.POP.SLUM.UR.ZS","","","","","","","","","","","","","","","","","","","","","","","","","","","","","","","","","","","","","","","","","","","","","","","","","","","","","","","","","","","","","","","","","",
"Denmark","DNK","Population living in slums (% of urban population)","EN.POP.SLUM.UR.ZS","","","","","","","","","","","","","","","","","","","","","","","","","","","","","","","","","","","","","","","","","0","","0","","0","","0","","0","","0","","0","","0","","0","","0","","0","","0","","",
"Dominican Republic","DOM","Population living in slums (% of urban population)","EN.POP.SLUM.UR.ZS","","","","","","","","","","","","","","","","","","","","","","","","","","","","","","","","","","","","","","","","","30.15546","","27.79214","","25.42881","","23.06549","","20.70217","","18.33885","","15.97552","","13.6122","","11.24888","","11.24888","","11.24888","","11.24888","","",
"Algeria","DZA","Population living in slums (% of urban population)","EN.POP.SLUM.UR.ZS","","","","","","","","","","","","","","","","","","","","","","","","","","","","","","","","","","","","","","","","","","","","","","","30.8","","30.8","","30.8","","28.88661","","24.98121","","21.07581","","17.17042","","13.26502","","13.246","","",
"East Asia & Pacific (excluding high income)","EAP","Population living in slums (% of urban population)","EN.POP.SLUM.UR.ZS","","","","","","","","","","","","","","","","","","","","","","","","","","","","","","","","","","","","","","","","","","","","","","","","","","","","","","","","","","","","","","","26.5259699194444","","",
"Early-demographic dividend","EAR","Population living in slums (% of urban population)","EN.POP.SLUM.UR.ZS","","","","","","","","","","","","","","","","","","","","","","","","","","","","","","","","","","","","","","","","","","","","","","","","","","","","","","","","","","","21.9066190474094","","","","","","",
"East Asia & Pacific","EAS","Population living in slums (% of urban population)","EN.POP.SLUM.UR.ZS","","","","","","","","","","","","","","","","","","","","","","","","","","","","","","","","","","","","","","","","","","","","","","","","","","","","","","","","","","","","","","","23.1931552478206","","",
"Europe & Central Asia (excluding high income)","ECA","Population living in slums (% of urban population)","EN.POP.SLUM.UR.ZS","","","","","","","","","","","","","","","","","","","","","","","","","","","","","","","","","","","","","","","","","18.8236575986441","","17.7169154280397","","16.4362697751295","","15.0335284252075","","13.5831550832975","","12.3576410152227","","11.0963130180284","","9.14092534624303","","8.13901403451783","","7.90611616020218","","9.59257460725416","","10.0385354018065","","",
"Europe & Central Asia","ECS","Population living in slums (% of urban population)","EN.POP.SLUM.UR.ZS","","","","","","","","","","","","","","","","","","","","","","","","","","","","","","","","","","","","","","","","","5.12228956042551","","4.94087618535288","","4.65028229743946","","4.30332634343237","","3.94848981918429","","3.64831845819108","","3.34649981878471","","2.68355294214756","","2.64210065737918","","2.66896185293339","","2.67112394330905","","2.60581390091589","","",
"Ecuador","ECU","Population living in slums (% of urban population)","EN.POP.SLUM.UR.ZS","","","","","","","","","","","","","","","","","","","","","","","","","","","","","","","","","","","","","","","","","57.41273","","57.84727","","57.8","","57.8","","","","","","","","","","","","","","","","57.8","","",
"Egypt, Arab Rep.","EGY","Population living in slums (% of urban population)","EN.POP.SLUM.UR.ZS","","","","","","","","","","","","","","","","","","","","","","","","","","","","","","","","","","","","","","","","","42.22616","","36.71599","","31.20583","","25.69566","","20.1855","","14.67533","","9.16517","","3.655","","0.89992","","0.89992","","0.89992","","3.83938","","",
"Euro area","EMU","Population living in slums (% of urban population)","EN.POP.SLUM.UR.ZS","","","","","","","","","","","","","","","","","","","","","","","","","","","","","","","","","","","","","","","","","0.297876231506013","","0.286595647678345","","0.2781559097899","","0.267152085363308","","0.163029393693342","","0.154473829158269","","0.143864778868301","","0.129047273216219","","0.127291902560888","","0.139966067253171","","0.143399247212254","","0.137399695628924","","",
"Eritrea","ERI","Population living in slums (% of urban population)","EN.POP.SLUM.UR.ZS","","","","","","","","","","","","","","","","","","","","","","","","","","","","","","","","","","","","","","","","","76.73784","","74.76156","","72.35662","","69.89404","","67.40634","","64.81973","","62.16985","","59.52948","","56.84264","","53.3709","","51.93824","","48.68591","","",
"Spain","ESP","Population living in slums (% of urban population)","EN.POP.SLUM.UR.ZS","","","","","","","","","","","","","","","","","","","","","","","","","","","","","","","","","","","","","","","","","","","","","","","","","","","","","","","0.05","","0.05","","","","","","0.04603","","",
"Estonia","EST","Population living in slums (% of urban population)","EN.POP.SLUM.UR.ZS","","","","","","","","","","","","","","","","","","","","","","","","","","","","","","","","","","","","","","","","","0.05","","0.05","","0.05","","0.1","","0.1","","0.1","","0.1","","0.1","","0.1","","0.1","","0.1","","0.34543","","",
"Ethiopia","ETH","Population living in slums (% of urban population)","EN.POP.SLUM.UR.ZS","","","","","","","","","","","","","","","","","","","","","","","","","","","","","","","","","","","","","","","","","92.17158","","89.07633","","85.98109","","82.88584","","79.7906","","76.69536","","73.60011","","70.50487","","67.40962","","64.31438","","64.31438","","64.31438","","",
"European Union","EUU","Population living in slums (% of urban population)","EN.POP.SLUM.UR.ZS","","","","","","","","","","","","","","","","","","","","","","","","","","","","","","","","","","","","","","","","","0.790180188827174","","0.87698633390942","","0.812708814063248","","0.738606895409293","","0.589267074437148","","0.510232008188122","","0.434703604250062","","0.355549779049202","","0.662702565778734","","0.547473705946052","","0.483375112904654","","0.495964542600259","","",
"Fragile and conflict affected situations","FCS","Population living in slums (% of urban population)","EN.POP.SLUM.UR.ZS","","","","","","","","","","","","","","","","","","","","","","","","","","","","","","","","","","","","","","","","","46.7724556648591","","52.8181169215321","","52.572914997048","","52.4425736788916","","53.8158860882602","","52.6433271888884","","51.5240705427948","","50.5206132110664","","49.8111146236143","","49.3278738641011","","52.8492664857946","","54.7959479796761","","",
"Finland","FIN","Population living in slums (% of urban population)","EN.POP.SLUM.UR.ZS","","","","","","","","","","","","","","","","","","","","","","","","","","","","","","","","","","","","","","","","","0","","0","","0","","0","","0","","0","","0","","0","","0","","0","","0","","0","","",
"Fiji","FJI","Population living in slums (% of urban population)","EN.POP.SLUM.UR.ZS","","","","","","","","","","","","","","","","","","","","","","","","","","","","","","","","","","","","","","","","","2.2181","","15","","15","","14.5","","13.5","","12.5","","11.4","","10.4","","9.4","","9.4","","9.4","","9.4","","",
"France","FRA","Population living in slums (% of urban population)","EN.POP.SLUM.UR.ZS","","","","","","","","","","","","","","","","","","","","","","","","","","","","","","","","","","","","","","","","","0","","0","","0","","0","","0","","0","","0","","0","","0","","0","","0","","0","","",
"Faroe Islands","FRO","Population living in slums (% of urban population)","EN.POP.SLUM.UR.ZS","","","","","","","","","","","","","","","","","","","","","","","","","","","","","","","","","","","","","","","","","","","","","","","","","","","","","","","","","","","","","","","","","",
"Micronesia, Fed. Sts.","FSM","Population living in slums (% of urban population)","EN.POP.SLUM.UR.ZS","","","","","","","","","","","","","","","","","","","","","","","","","","","","","","","","","","","","","","","","","","","","","","","","","","","","","","","","","","","","","","","","","",
"Gabon","GAB","Population living in slums (% of urban population)","EN.POP.SLUM.UR.ZS","","","","","","","","","","","","","","","","","","","","","","","","","","","","","","","","","","","","","","","","","57.43","","55.55895","","53.6879","","51.81685","","49.9458","","48.07475","","46.2037","","44.33265","","44.33265","","44.33265","","44.33265","","38.77297","","",
"United Kingdom","GBR","Population living in slums (% of urban population)","EN.POP.SLUM.UR.ZS","","","","","","","","","","","","","","","","","","","","","","","","","","","","","","","","","","","","","","","","","0.1","","0.1","","0.1","","0.1","","0.1","","0.1","","0.1","","0.1","","0.1","","0.1","","0.1","","0.1625","","",
"Georgia","GEO","Population living in slums (% of urban population)","EN.POP.SLUM.UR.ZS","","","","","","","","","","","","","","","","","","","","","","","","","","","","","","","","","","","","","","","","","13.6","","13.6","","13.2148","","12.44783","","11.68087","","10.9139","","10.14694","","9.37997","","8.61301","","7.84604","","7.07908","","7.07908","","",
"Ghana","GHA","Population living in slums (% of urban population)","EN.POP.SLUM.UR.ZS","","","","","","","","","","","","","","","","","","","","","","","","","","","","","","","","","","","","","","","","","60.36841","","57.00822","","53.64802","","50.28782","","46.92763","","43.56743","","40.20724","","36.84704","","33.48685","","33.48685","","33.48685","","33.48685","","",
"Gibraltar","GIB","Population living in slums (% of urban population)","EN.POP.SLUM.UR.ZS","","","","","","","","","","","","","","","","","","","","","","","","","","","","","","","","","","","","","","","","","","","","","","","","","","","","","","","","","","","","","","","","","",
"Guinea","GIN","Population living in slums (% of urban population)","EN.POP.SLUM.UR.ZS","","","","","","","","","","","","","","","","","","","","","","","","","","","","","","","","","","","","","","","","","40.66534","","41.49952","","42.3337","","43.16788","","44.00206","","44.83624","","45.67042","","46.5046","","47.33878","","48.17296","","49.00714","","43.95734","","",
"Gambia, The","GMB","Population living in slums (% of urban population)","EN.POP.SLUM.UR.ZS","","","","","","","","","","","","","","","","","","","","","","","","","","","","","","","","","","","","","","","","","56.92053","","55.11779","","53.31504","","51.5123","","49.70956","","47.90681","","46.10407","","44.30132","","42.49858","","40.69583","","38.89309","","37.08102","","",
"Guinea-Bissau","GNB","Population living in slums (% of urban population)","EN.POP.SLUM.UR.ZS","","","","","","","","","","","","","","","","","","","","","","","","","","","","","","","","","","","","","","","","","","","","","","","","","75.2","","75.2","","75.24783","","71.63847","","68.0291","","64.41973","","60.81037","","59","","",
"Equatorial Guinea","GNQ","Population living in slums (% of urban population)","EN.POP.SLUM.UR.ZS","","","","","","","","","","","","","","","","","","","","","","","","","","","","","","","","","","","","","","","","","52.91641","","60.09282","","58.82956","","59.17237","","59.85517","","60.60063","","61.41705","","62.38752","","63.47137","","64.67379","","64.91767","","64.68739","","",
"Greece","GRC","Population living in slums (% of urban population)","EN.POP.SLUM.UR.ZS","","","","","","","","","","","","","","","","","","","","","","","","","","","","","","","","","","","","","","","","","0.25","","0.25","","0.25","","0.2","","0.15","","0.1","","0.05","","","","","","","","","","","","",
"Grenada","GRD","Population living in slums (% of urban population)","EN.POP.SLUM.UR.ZS","","","","","","","","","","","","","","","","","","","","","","","","","","","","","","","","","","","","","","","","","","","","","","","","","","","","","","","","","","","","","","","","","",
"Greenland","GRL","Population living in slums (% of urban population)","EN.POP.SLUM.UR.ZS","","","","","","","","","","","","","","","","","","","","","","","","","","","","","","","","","","","","","","","","","","","","","","","","","","","","","","","","","","","","","","","","","",
"Guatemala","GTM","Population living in slums (% of urban population)","EN.POP.SLUM.UR.ZS","","","","","","","","","","","","","","","","","","","","","","","","","","","","","","","","","","","","","","","","","55.49609","","53.25944","","51.0228","","48.78615","","46.5495","","44.31286","","42.07621","","39.83957","","37.60292","","37.6","","37.6","","37.6","","",
"Guam","GUM","Population living in slums (% of urban population)","EN.POP.SLUM.UR.ZS","","","","","","","","","","","","","","","","","","","","","","","","","","","","","","","","","","","","","","","","","","","","","","","","","","","","","","","","","","","","","","","0.5524","","",
"Guyana","GUY","Population living in slums (% of urban population)","EN.POP.SLUM.UR.ZS","","","","","","","","","","","","","","","","","","","","","","","","","","","","","","","","","","","","","","","","","26.1","","26.1","","25.31799","","23.67077","","22.02354","","20.37632","","18.7291","","17.08187","","15.43465","","13.78743","","12.1402","","11.30361","","",
"High income","HIC","Population living in slums (% of urban population)","EN.POP.SLUM.UR.ZS","","","","","","","","","","","","","","","","","","","","","","","","","","","","","","","","","","","","","","","","","1.48087476464286","","1.41586951401923","","1.2964691820699","","1.77857226089596","","1.1179877868458","","1.33679962206931","","0.8452973998821","","0.936484269091454","","1.0566777357168","","1.05252280759233","","0.902256503722876","","1.08322898087914","","",
"Hong Kong SAR, China","HKG","Population living in slums (% of urban population)","EN.POP.SLUM.UR.ZS","","","","","","","","","","","","","","","","","","","","","","","","","","","","","","","","","","","","","","","","","","","","","","","","","","","","","","","","","","","","","","","","","",
"Honduras","HND","Population living in slums (% of urban population)","EN.POP.SLUM.UR.ZS","","","","","","","","","","","","","","","","","","","","","","","","","","","","","","","","","","","","","","","","","44.4","","44.4","","43.24","","40.9","","38.56","","36.22","","33.88","","31.54","","31.5","","31.5","","","","","","",
"Heavily indebted poor countries (HIPC)","HPC","Population living in slums (% of urban population)","EN.POP.SLUM.UR.ZS","","","","","","","","","","","","","","","","","","","","","","","","","","","","","","","","","","","","","","","","","69.3477778941334","","73.0181626263759","","70.9214494712485","","68.616954873044","","66.3493509013339","","64.1271267486003","","61.1133805639327","","59.0425442480746","","57.3219352924265","","55.7312414932271","","55.1834177004316","","60.6705130640133","","",
"Croatia","HRV","Population living in slums (% of urban population)","EN.POP.SLUM.UR.ZS","","","","","","","","","","","","","","","","","","","","","","","","","","","","","","","","","","","","","","","","","0.4","","0.4","","0.4","","0.35","","0.35","","0.35","","0.3","","0.3","","0.25","","0.25","","0.25","","0.52712","","",
"Haiti","HTI","Population living in slums (% of urban population)","EN.POP.SLUM.UR.ZS","","","","","","","","","","","","","","","","","","","","","","","","","","","","","","","","","","","","","","","","","61.2833","","59.97767","","58.67204","","57.36641","","56.06078","","54.75515","","53.44951","","52.14388","","50.83825","","49.53262","","48.9","","51.05915","","",
"Hungary","HUN","Population living in slums (% of urban population)","EN.POP.SLUM.UR.ZS","","","","","","","","","","","","","","","","","","","","","","","","","","","","","","","","","","","","","","","","","15.4","","14.2","","12.9","","11.6","","10.4","","9.1","","7.9","","7.2","","7.2","","","","","","","","",
"IBRD only","IBD","Population living in slums (% of urban population)","EN.POP.SLUM.UR.ZS","","","","","","","","","","","","","","","","","","","","","","","","","","","","","","","","","","","","","","","","","","","","","","","","","","","","","","","","","","","","","","","22.4299920853121","","",
"IDA & IBRD total","IBT","Population living in slums (% of urban population)","EN.POP.SLUM.UR.ZS","","","","","","","","","","","","","","","","","","","","","","","","","","","","","","","","","","","","","","","","","","","","","","","","","","","","","","","","","","","25.6248973293521","","","","30.137705938906","","",
"IDA total","IDA","Population living in slums (% of urban population)","EN.POP.SLUM.UR.ZS","","","","","","","","","","","","","","","","","","","","","","","","","","","","","","","","","","","","","","","","","63.7411132320063","","65.1338065337161","","63.5692748013654","","61.9844312506085","","60.2383921205468","","58.5263271806012","","56.4765938772642","","54.8959197497584","","53.02687469919","","51.8969913589005","","50.9321174510055","","53.9393729285568","","",
"IDA blend","IDB","Population living in slums (% of urban population)","EN.POP.SLUM.UR.ZS","","","","","","","","","","","","","","","","","","","","","","","","","","","","","","","","","","","","","","","","","65.9327326216061","","64.1894579419593","","62.3538257621158","","60.455933415818","","58.5279851528256","","56.5584811569018","","54.5938362189986","","52.5891189821084","","50.5386048238488","","48.6633435010745","","46.9701533242425","","47.1801614351389","","",
"Indonesia","IDN","Population living in slums (% of urban population)","EN.POP.SLUM.UR.ZS","","","","","","","","","","","","","","","","","","","","","","","","","","","","","","","","","","","","","","","","","35.12568","","33.47149","","31.81729","","30.1631","","28.5089","","26.85471","","25.20051","","23.54632","","21.89212","","20.23793","","19.41083","","19.41083","","",
"IDA only","IDX","Population living in slums (% of urban population)","EN.POP.SLUM.UR.ZS","","","","","","","","","","","","","","","","","","","","","","","","","","","","","","","","","","","","","","","","","61.9384838160629","","65.8261470064131","","64.4596492808285","","63.0740508220457","","61.4553240170203","","59.9257964399432","","57.8122670768059","","56.5269249508446","","54.7549575388314","","54.1267396747793","","53.6642445118346","","58.5828988624124","","",
"Isle of Man","IMN","Population living in slums (% of urban population)","EN.POP.SLUM.UR.ZS","","","","","","","","","","","","","","","","","","","","","","","","","","","","","","","","","","","","","","","","","","","","","","","","","","","","","","","","","","","","","","","","","",
"India","IND","Population living in slums (% of urban population)","EN.POP.SLUM.UR.ZS","","","","","","","","","","","","","","","","","","","","","","","","","","","","","","","","","","","","","","","","","","","","","","","","","","","","","","","","","","","5.41","5.41","","","","","",
"Not classified","INX","Population living in slums (% of urban population)","EN.POP.SLUM.UR.ZS","","","","","","","","","","","","","","","","","","","","","","","","","","","","","","","","","","","","","","","","","","","","","","","","","","","","","","","","","","","","","","","","","",
"Ireland","IRL","Population living in slums (% of urban population)","EN.POP.SLUM.UR.ZS","","","","","","","","","","","","","","","","","","","","","","","","","","","","","","","","","","","","","","","","","6.2","","6.4","","6.7","","6.9","","7.2","","7.5","","7.7","","8","","8.3","","8.5","","8.5","","8.5","","",
"Iran, Islamic Rep.","IRN","Population living in slums (% of urban population)","EN.POP.SLUM.UR.ZS","","","","","","","","","","","","","","","","","","","","","","","","","","","","","","","","","","","","","","","","","57.60128","","56.79227","","55.97413","","55.27324","","54.47522","","53.69789","","52.94421","","52.19329","","51.44004","","50.66515","","50.42596","","44.6899","","",
"Iraq","IRQ","Population living in slums (% of urban population)","EN.POP.SLUM.UR.ZS","","","","","","","","","","","","","","","","","","","","","","","","","","","","","","","","","","","","","","","","","33.89419","","35.43867","","36.98314","","38.52762","","40.07209","","41.61657","","43.16104","","44.70552","","46.24999","","47.79447","","49.33894","","49.33894","","",
"Iceland","ISL","Population living in slums (% of urban population)","EN.POP.SLUM.UR.ZS","","","","","","","","","","","","","","","","","","","","","","","","","","","","","","","","","","","","","","","","","0","","0","","0","","0","","0","","0","","0","","0","","0","","0","","0","","0","","",
"Israel","ISR","Population living in slums (% of urban population)","EN.POP.SLUM.UR.ZS","","","","","","","","","","","","","","","","","","","","","","","","","","","","","","","","","","","","","","","","","","","","","","","","","","","","","","","","","","","","","","","","","",
"Italy","ITA","Population living in slums (% of urban population)","EN.POP.SLUM.UR.ZS","","","","","","","","","","","","","","","","","","","","","","","","","","","","","","","","","","","","","","","","","0.02","","0.02","","0.02","","0.02","","0.02","","0.02","","0.02","","0.02","","0.02","","0.02","","0.02","","0.02","","",
"Jamaica","JAM","Population living in slums (% of urban population)","EN.POP.SLUM.UR.ZS","","","","","","","","","","","","","","","","","","","","","","","","","","","","","","","","","","","","","","","","","","","","","","","","","","","","","","","","","","","","","","","0.8835","","",
"Jordan","JOR","Population living in slums (% of urban population)","EN.POP.SLUM.UR.ZS","","","","","","","","","","","","","","","","","","","","","","","","","","","","","","","","","","","","","","","","","","","","","","","","","","","","","","","12.9","","23.4","","","","","","","","",
"Japan","JPN","Population living in slums (% of urban population)","EN.POP.SLUM.UR.ZS","","","","","","","","","","","","","","","","","","","","","","","","","","","","","","","","","","","","","","","","","","","","","","","","","","","","","","","","","","","","","","","2","","",
"Kazakhstan","KAZ","Population living in slums (% of urban population)","EN.POP.SLUM.UR.ZS","","","","","","","","","","","","","","","","","","","","","","","","","","","","","","","","","","","","","","","","","24.45811","","21.67406","","18.89002","","16.10598","","13.32194","","10.5379","","7.75386","","4.96982","","2.18578","","0.79376","","0.79376","","0.79376","","",
"Kenya","KEN","Population living in slums (% of urban population)","EN.POP.SLUM.UR.ZS","","","","","","","","","","","","","","","","","","","","","","","","","","","","","","","","","","","","","","","","","63.18451","","61.63811","","60.09171","","58.54531","","56.99891","","55.45251","","53.90611","","52.35971","","50.81331","","50.81331","","50.81331","","40.49575","","",
"Kyrgyz Republic","KGZ","Population living in slums (% of urban population)","EN.POP.SLUM.UR.ZS","","","","","","","","","","","","","","","","","","","","","","","","","","","","","","","","","","","","","","","","","47.15842","","42.68651","","38.2146","","33.74269","","29.27078","","24.79887","","20.32696","","15.85505","","11.38314","","6.91123","","2.43932","","2.43932","","",
"Cambodia","KHM","Population living in slums (% of urban population)","EN.POP.SLUM.UR.ZS","","","","","","","","","","","","","","","","","","","","","","","","","","","","","","","","","","","","","","","","","84.8","","79.2","","73.6","","67.9","","62.3","","56.6","","51","","45.4","","39.7","","39.7","","39.7","","42.26983","","",
"Kiribati","KIR","Population living in slums (% of urban population)","EN.POP.SLUM.UR.ZS","","","","","","","","","","","","","","","","","","","","","","","","","","","","","","","","","","","","","","","","","18.1","","16.8","","15.55","","14.35","","13.1","","11.8","","10.6","","9.35","","8.1","","6.85","","5.6","","5.93438","","",
"St. Kitts and Nevis","KNA","Population living in slums (% of urban population)","EN.POP.SLUM.UR.ZS","","","","","","","","","","","","","","","","","","","","","","","","","","","","","","","","","","","","","","","","","","","","","","","","","","","","","","","","","","","","","","","","","",
"Korea, Rep.","KOR","Population living in slums (% of urban population)","EN.POP.SLUM.UR.ZS","","","","","","","","","","","","","","","","","","","","","","","","","","","","","","","","","","","","","","","","","","","","","","","12.8","","","","9.3","","","","4.7","","5.8","","6.8","","5.6","","4.5","","",
"Kuwait","KWT","Population living in slums (% of urban population)","EN.POP.SLUM.UR.ZS","","","","","","","","","","","","","","","","","","","","","","","","","","","","","","","","","","","","","","","","","0","","0","","0","","0","","0","","0","","0","","0","","0","","0","","0","","0","","",
"Latin America & Caribbean (excluding high income)","LAC","Population living in slums (% of urban population)","EN.POP.SLUM.UR.ZS","","","","","","","","","","","","","","","","","","","","","","","","","","","","","","","","","","","","","","","","","32.9894236657662","","31.3862595502188","","29.2669242403563","","27.1272560790556","","24.192640553459","","21.9788854113438","","19.8575545000593","","19.1879840031935","","17.9138721236355","","","","","","19.1581466522955","","",
"Lao PDR","LAO","Population living in slums (% of urban population)","EN.POP.SLUM.UR.ZS","","","","","","","","","","","","","","","","","","","","","","","","","","","","","","","","","","","","","","","","","54.4","","51","","47.5","","44.1","","40.7","","37.3","","33.8","","30.4","","27","","23.6","","21.8","","54.83946","","",
"Lebanon","LBN","Population living in slums (% of urban population)","EN.POP.SLUM.UR.ZS","","","","","","","","","","","","","","","","","","","","","","","","","","","","","","","","","","","","","","","","","","","92.4","","92.4","","92.41022","","67.30186","","42.19351","","17.08516","","4.5","","4.5","","4.5","","4.5","","4.53099","","",
"Liberia","LBR","Population living in slums (% of urban population)","EN.POP.SLUM.UR.ZS","","","","","","","","","","","","","","","","","","","","","","","","","","","","","","","","","","","","","","","","","","","75.48823","","75.48823","","74.59566","","72.81052","","71.02538","","69.24025","","67.45511","","65.66997","","63.88484","","63.88484","","60.47684","","",
"Libya","LBY","Population living in slums (% of urban population)","EN.POP.SLUM.UR.ZS","","","","","","","","","","","","","","","","","","","","","","","","","","","","","","","","","","","","","","","","","39.14517","","45.26156","","41.5949","","35.16781","","30.98409","","27.87211","","24.29979","","20.2535","","17.23863","","16.38228","","23.68082","","16.58153","","",
"St. Lucia","LCA","Population living in slums (% of urban population)","EN.POP.SLUM.UR.ZS","","","","","","","","","","","","","","","","","","","","","","","","","","","","","","","","","","","","","","","","","4.85","","4.85","","4.5","","3.9","","3.35","","2.75","","2.2","","1.6","","1.05","","0.45","","0.45","","0.44067","","",
"Latin America & Caribbean","LCN","Population living in slums (% of urban population)","EN.POP.SLUM.UR.ZS","","","","","","","","","","","","","","","","","","","","","","","","","","","","","","","","","","","","","","","","","31.9008035454862","","30.2461536317738","","28.1781621340985","","26.2254224582376","","23.4203624449467","","21.7936676928431","","19.6600521640084","","18.9441759148179","","17.6474554254254","","","","","","18.7969256730858","","",
"Least developed countries: UN classification","LDC","Population living in slums (% of urban population)","EN.POP.SLUM.UR.ZS","","","","","","","","","","","","","","","","","","","","","","","","","","","","","","","","","","","","","","","","","62.0921819524642","","66.5213885422067","","65.1703442075578","","64.1778627221331","","63.0636119470817","","61.9382694405431","","60.8209651033459","","59.7148339852557","","58.6211107252063","","57.8118262394691","","56.9532732865653","","61.1140125559472","","",
"Low income","LIC","Population living in slums (% of urban population)","EN.POP.SLUM.UR.ZS","","","","","","","","","","","","","","","","","","","","","","","","","","","","","","","","","","","","","","","","","63.2802162008365","","73.6672000058619","","72.0802700373092","","70.0531234151635","","67.9139994770791","","66.0602807198205","","64.5580440341376","","63.4977637599736","","62.1307135180317","","61.1083775581401","","60.0332482942972","","61.8360197453438","","",
"Liechtenstein","LIE","Population living in slums (% of urban population)","EN.POP.SLUM.UR.ZS","","","","","","","","","","","","","","","","","","","","","","","","","","","","","","","","","","","","","","","","","","","","","","","","","","","","","","","","","","","","","","","","","",
"Sri Lanka","LKA","Population living in slums (% of urban population)","EN.POP.SLUM.UR.ZS","","","","","","","","","","","","","","","","","","","","","","","","","","","","","","","","","","","","","","","","","57.60128","","56.79227","","55.97413","","55.27324","","54.47522","","53.69789","","52.94421","","52.19329","","51.44004","","50.66515","","50.42596","","44.6899","","",
"Lower middle income","LMC","Population living in slums (% of urban population)","EN.POP.SLUM.UR.ZS","","","","","","","","","","","","","","","","","","","","","","","","","","","","","","","","","","","","","","","","","","","","","","","","","","","","","","","","","","","24.7453031495286","","","","","","",
"Low & middle income","LMY","Population living in slums (% of urban population)","EN.POP.SLUM.UR.ZS","","","","","","","","","","","","","","","","","","","","","","","","","","","","","","","","","","","","","","","","","","","","","","","","","","","","","","","","","","","26.9131855138504","","","","31.4581421394595","","",
"Lesotho","LSO","Population living in slums (% of urban population)","EN.POP.SLUM.UR.ZS","","","","","","","","","","","","","","","","","","","","","","","","","","","","","","","","","","","","","","","","","62.72729","","62.72729","","58.59683","","54.46637","","50.33592","","46.20546","","42.075","","37.94455","","33.81409","","29.68363","","25.55318","","25.55318","","",
"Late-demographic dividend","LTE","Population living in slums (% of urban population)","EN.POP.SLUM.UR.ZS","","","","","","","","","","","","","","","","","","","","","","","","","","","","","","","","","","","","","","","","","","","","","","","","","","","","","","","","","","","","","","","20.485132228211","","",
"Lithuania","LTU","Population living in slums (% of urban population)","EN.POP.SLUM.UR.ZS","","","","","","","","","","","","","","","","","","","","","","","","","","","","","","","","","","","","","","","","","4.15","","3.7","","3.3","","2.85","","2.4","","2","","1.55","","1.1","","0.65","","0.25","","0.25","","0.50861","","",
"Luxembourg","LUX","Population living in slums (% of urban population)","EN.POP.SLUM.UR.ZS","","","","","","","","","","","","","","","","","","","","","","","","","","","","","","","","","","","","","","","","","0","","0","","0.0009","","0.00343","","0.00596","","0.00848","","0.01101","","0.01354","","0.01606","","0.01733","","0.01733","","0.01733","","",
"Latvia","LVA","Population living in slums (% of urban population)","EN.POP.SLUM.UR.ZS","","","","","","","","","","","","","","","","","","","","","","","","","","","","","","","","","","","","","","","","","2.85","","2.75","","2.4","","2.15","","1.85","","1.6","","1.3","","1.05","","0.8","","0.6","","0.6","","0.59304","","",
"Macao SAR, China","MAC","Population living in slums (% of urban population)","EN.POP.SLUM.UR.ZS","","","","","","","","","","","","","","","","","","","","","","","","","","","","","","","","","","","","","","","","","","","","","","","","","","","","","","","","","","","","","","","","","",
"St. Martin (French part)","MAF","Population living in slums (% of urban population)","EN.POP.SLUM.UR.ZS","","","","","","","","","","","","","","","","","","","","","","","","","","","","","","","","","","","","","","","","","","","","","","","","","","","","","","","","","","","","","","","","","",
"Morocco","MAR","Population living in slums (% of urban population)","EN.POP.SLUM.UR.ZS","","","","","","","","","","","","","","","","","","","","","","","","","","","","","","","","","","","","","","","","","33.15472","","30.36674","","27.57876","","24.79078","","22.0028","","19.21482","","16.42684","","13.63886","","10.85088","","10.85088","","10.85088","","10.85088","","",
"Monaco","MCO","Population living in slums (% of urban population)","EN.POP.SLUM.UR.ZS","","","","","","","","","","","","","","","","","","","","","","","","","","","","","","","","","","","","","","","","","0","","0","","0","","0","","0","","0","","0","","0","","0","","0","","0","","0","","",
"Moldova","MDA","Population living in slums (% of urban population)","EN.POP.SLUM.UR.ZS","","","","","","","","","","","","","","","","","","","","","","","","","","","","","","","","","","","","","","","","","26.5","","23.7","","20.8","","18","","15.1","","12.3","","9.4","","6.5","","6.5","","6.5","","","","","","",
"Madagascar","MDG","Population living in slums (% of urban population)","EN.POP.SLUM.UR.ZS","","","","","","","","","","","","","","","","","","","","","","","","","","","","","","","","","","","","","","","","","91.43569","","89.03413","","86.63257","","84.23101","","81.82945","","79.42789","","77.02633","","74.62477","","72.22321","","69.82165","","67.42009","","65.71715","","",
"Maldives","MDV","Population living in slums (% of urban population)","EN.POP.SLUM.UR.ZS","","","","","","","","","","","","","","","","","","","","","","","","","","","","","","","","","","","","","","","","","","","","","41.535","","41.535","","40.9775","","39.8625","","38.7475","","37.6325","","36.5175","","35.4025","","34.845","","34.845","","",
"Middle East, North Africa, Afghanistan & Pakistan","MEA","Population living in slums (% of urban population)","EN.POP.SLUM.UR.ZS","","","","","","","","","","","","","","","","","","","","","","","","","","","","","","","","","","","","","","","","","51.0303699870663","","50.144792234859","","48.3832580901208","","44.6583895359409","","42.5900619358904","","40.7193830948895","","38.4696277383267","","35.8276572346528","","34.7136192265923","","34.2682101135128","","34.0456686351054","","31.7432744166912","","",
"Mexico","MEX","Population living in slums (% of urban population)","EN.POP.SLUM.UR.ZS","","","","","","","","","","","","","","","","","","","","","","","","","","","","","","","","","","","","","","","","","32.16297","","30.44793","","28.73289","","27.01784","","25.3028","","23.58776","","21.87272","","20.15767","","18.44263","","17.6","","17.6","","17.6","","",
"Marshall Islands","MHL","Population living in slums (% of urban population)","EN.POP.SLUM.UR.ZS","","","","","","","","","","","","","","","","","","","","","","","","","","","","","","","","","","","","","","","","","","","2.2","","2.2","","2","","1.65","","1.35","","1","","0.75","","0.45","","0.1","","2.2206","","2.37518","","",
"Middle income","MIC","Population living in slums (% of urban population)","EN.POP.SLUM.UR.ZS","","","","","","","","","","","","","","","","","","","","","","","","","","","","","","","","","","","","","","","","","","","","","","","","","","","","","","","","","","","23.626799641092","","","","28.7746360424873","","",
"North Macedonia","MKD","Population living in slums (% of urban population)","EN.POP.SLUM.UR.ZS","","","","","","","","","","","","","","","","","","","","","","","","","","","","","","","","","","","","","","","","","1.3","","1.3","","1.3","","1.15","","1","","0.8","","0.65","","0.5","","0.3","","0.15","","0.15","","0.27796","","",
"Mali","MLI","Population living in slums (% of urban population)","EN.POP.SLUM.UR.ZS","","","","","","","","","","","","","","","","","","","","","","","","","","","","","","","","","","","","","","","","","83.87627","","79.68152","","75.48678","","71.29204","","67.09729","","62.90255","","58.7078","","54.51306","","50.31832","","46.12357","","41.92883","","92.49697","","",
"Malta","MLT","Population living in slums (% of urban population)","EN.POP.SLUM.UR.ZS","","","","","","","","","","","","","","","","","","","","","","","","","","","","","","","","","","","","","","","","","0.0375","","0.0375","","0.0375","","0.0375","","0.0375","","0.0375","","0.0375","","0.0375","","0.0375","","0.0375","","0.0375","","0.0375","","",
"Myanmar","MMR","Population living in slums (% of urban population)","EN.POP.SLUM.UR.ZS","","","","","","","","","","","","","","","","","","","","","","","","","","","","","","","","","","","","","","","","","29.39935","","32.60843","","35.81751","","39.02659","","42.23566","","45.44474","","48.65382","","51.8629","","55.07197","","58.28105","","58.28105","","58.28105","","",
"Middle East, North Africa, Afghanistan & Pakistan (excluding high income)","MNA","Population living in slums (% of urban population)","EN.POP.SLUM.UR.ZS","","","","","","","","","","","","","","","","","","","","","","","","","","","","","","","","","","","","","","","","","52.9401516388743","","52.0110793552051","","50.2266276323789","","46.1926591441238","","44.2266518106096","","42.3466703322293","","40.3722759094574","","37.693457226563","","36.6480530257364","","36.407983154045","","35.9865611822257","","35.956298477496","","",
"Montenegro","MNE","Population living in slums (% of urban population)","EN.POP.SLUM.UR.ZS","","","","","","","","","","","","","","","","","","","","","","","","","","","","","","","","","","","","","","","","","19.1","","19.1","","18.5","","17.3","","16.1","","14.9","","13.6","","12.4","","11.2","","10","","8.8","","8.76922","","",
"Mongolia","MNG","Population living in slums (% of urban population)","EN.POP.SLUM.UR.ZS","","","","","","","","","","","","","","","","","","","","","","","","","","","","","","","","","","","","","","","","","57.60411","","53.63156","","49.65902","","45.68648","","41.71394","","37.7414","","33.76886","","29.79631","","25.82377","","21.85123","","17.87869","","17.87869","","",
"Northern Mariana Islands","MNP","Population living in slums (% of urban population)","EN.POP.SLUM.UR.ZS","","","","","","","","","","","","","","","","","","","","","","","","","","","","","","","","","","","","","","","","","","","","","","","","","","","","","","","","","","","","","","","0.2","","",
"Mozambique","MOZ","Population living in slums (% of urban population)","EN.POP.SLUM.UR.ZS","","","","","","","","","","","","","","","","","","","","","","","","","","","","","","","","","","","","","","","","","90.09549","","86.58183","","83.06817","","79.55451","","76.04086","","72.5272","","69.01354","","65.49988","","61.98622","","58.47257","","54.95891","","54.95891","","",
"Mauritania","MRT","Population living in slums (% of urban population)","EN.POP.SLUM.UR.ZS","","","","","","","","","","","","","","","","","","","","","","","","","","","","","","","","","","","","","","","","","84.69319","","81.3166","","77.94","","74.5634","","71.18681","","67.81021","","64.43361","","61.05702","","57.68042","","56","","56","","58.56017","","",
"Mauritius","MUS","Population living in slums (% of urban population)","EN.POP.SLUM.UR.ZS","","","","","","","","","","","","","","","","","","","","","","","","","","","","","","","","","","","","","","","","","76.73784","","74.76156","","72.35662","","69.89404","","67.40634","","64.81973","","62.16985","","59.52948","","56.84264","","53.3709","","51.93824","","48.68591","","",
"Malawi","MWI","Population living in slums (% of urban population)","EN.POP.SLUM.UR.ZS","","","","","","","","","","","","","","","","","","","","","","","","","","","","","","","","","","","","","","","","","81.41073","","77.89671","","74.38269","","70.86866","","67.35464","","63.84062","","60.32659","","56.81257","","53.29854","","49.78452","","49.78452","","37.97408","","",
"Malaysia","MYS","Population living in slums (% of urban population)","EN.POP.SLUM.UR.ZS","","","","","","","","","","","","","","","","","","","","","","","","","","","","","","","","","","","","","","","","","","","","","","","","","","","","","","","","","","","","","0.2","","","","",
"North America","NAC","Population living in slums (% of urban population)","EN.POP.SLUM.UR.ZS","","","","","","","","","","","","","","","","","","","","","","","","","","","","","","","","","","","","","","","","","0.204880158953072","","0.204897602035171","","0.204891964126543","","0.209828291153103","","0.224648794830533","","0.229734367038109","","0.234784283693312","","0.244791993945859","","0.249747454991091","","0.215277430440359","","0.216052805485095","","0.196325297027941","","",
"Namibia","NAM","Population living in slums (% of urban population)","EN.POP.SLUM.UR.ZS","","","","","","","","","","","","","","","","","","","","","","","","","","","","","","","","","","","","","","","","","42.55683","","42.4078","","42.25878","","42.10975","","41.96073","","41.8117","","41.66268","","41.51365","","41.36463","","41.4","","41.4","","41.4","","",
"New Caledonia","NCL","Population living in slums (% of urban population)","EN.POP.SLUM.UR.ZS","","","","","","","","","","","","","","","","","","","","","","","","","","","","","","","","","","","","","","","","","","","","","","","","","","","","","","","","","","","","","","","0.25","","",
"Niger","NER","Population living in slums (% of urban population)","EN.POP.SLUM.UR.ZS","","","","","","","","","","","","","","","","","","","","","","","","","","","","","","","","","","","","","","","","","70.03805","","70.09604","","70.15403","","70.21202","","70.27001","","70.32799","","70.38598","","70.44397","","70.44397","","70.44397","","70.44397","","70.44397","","",
"Nigeria","NGA","Population living in slums (% of urban population)","EN.POP.SLUM.UR.ZS","","","","","","","","","","","","","","","","","","","","","","","","","","","","","","","","","","","","","","","","","74.10729","","71.59477","","69.08224","","66.56972","","64.0572","","61.54467","","59.03215","","56.51963","","54.00711","","51.49458","","48.98206","","48.49726","","",
"Nicaragua","NIC","Population living in slums (% of urban population)","EN.POP.SLUM.UR.ZS","","","","","","","","","","","","","","","","","","","","","","","","","","","","","","","","","","","","","","","","","71.59811","","70.33595","","69.07378","","67.81162","","67.2","","67.2","","7.2549","","6.3867","","5.5185","","5.5185","","5.5185","","","","",
"Netherlands","NLD","Population living in slums (% of urban population)","EN.POP.SLUM.UR.ZS","","","","","","","","","","","","","","","","","","","","","","","","","","","","","","","","","","","","","","","","","0","","0","","0","","0","","0","","0","","0","","0","","0","","0","","0","","0","","",
"Norway","NOR","Population living in slums (% of urban population)","EN.POP.SLUM.UR.ZS","","","","","","","","","","","","","","","","","","","","","","","","","","","","","","","","","","","","","","","","","0","","0","","0","","0","","0","","0","","0","","0","","0","","0","","0","","0","","",
"Nepal","NPL","Population living in slums (% of urban population)","EN.POP.SLUM.UR.ZS","","","","","","","","","","","","","","","","","","","","","","","","","","","","","","","","","","","","","","","","","66.31029","","63.41828","","60.52627","","57.63426","","54.74225","","51.85024","","48.95823","","46.06622","","43.17421","","40.2822","","40.2822","","40.05521","","",
"Nauru","NRU","Population living in slums (% of urban population)","EN.POP.SLUM.UR.ZS","","","","","","","","","","","","","","","","","","","","","","","","","","","","","","","","","","","","","","","","","3.6","","3.15","","2.75","","2.25","","1.85","","1.35","","0.9","","0.55","","0.55","","1.7969","","0.59734","","0.59734","","",
"New Zealand","NZL","Population living in slums (% of urban population)","EN.POP.SLUM.UR.ZS","","","","","","","","","","","","","","","","","","","","","","","","","","","","","","","","","","","","","","","","","0","","0","","0","","0","","0","","0","","0","","0","","0","","0","","0","","0","","",
"OECD members","OED","Population living in slums (% of urban population)","EN.POP.SLUM.UR.ZS","","","","","","","","","","","","","","","","","","","","","","","","","","","","","","","","","","","","","","","","","6.15858759009717","","5.85073202325078","","5.52764427049727","","5.61606256367321","","4.96944576223769","","4.86268204424998","","4.34327671053661","","3.94160851232007","","3.85556026986095","","3.92779893909185","","3.89369814234428","","3.58326628665554","","",
"Oman","OMN","Population living in slums (% of urban population)","EN.POP.SLUM.UR.ZS","","","","","","","","","","","","","","","","","","","","","","","","","","","","","","","","","","","","","","","","","4.25","","4","","3.55","","2.9","","2.3","","1.65","","1","","0.5","","0.3","","0.15","","0","","0","","",
"Other small states","OSS","Population living in slums (% of urban population)","EN.POP.SLUM.UR.ZS","","","","","","","","","","","","","","","","","","","","","","","","","","","","","","","","","","","","","","","","","31.7862343388462","","31.6219629438471","","32.9416461435071","","32.177001260813","","31.2593603923358","","30.1988364052713","","29.0243072547782","","27.7607332387734","","26.3796837475196","","25.1447180711377","","24.6383692366653","","24.1048480006835","","",
"Pakistan","PAK","Population living in slums (% of urban population)","EN.POP.SLUM.UR.ZS","","","","","","","","","","","","","","","","","","","","","","","","","","","","","","","","","","","","","","","","","71.22167","","69.69687","","68.17208","","66.64728","","65.12249","","63.59769","","62.0729","","60.5481","","59.0233","","57.49851","","55.97371","","55.97371","","",
"Panama","PAN","Population living in slums (% of urban population)","EN.POP.SLUM.UR.ZS","","","","","","","","","","","","","","","","","","","","","","","","","","","","","","","","","","","","","","","","","48.67615","","44.36462","","40.05308","","35.74154","","31.43","","27.11846","","22.80692","","18.49538","","16.3","","16.3","","","","16.3","","",
"Peru","PER","Population living in slums (% of urban population)","EN.POP.SLUM.UR.ZS","","","","","","","","","","","","","","","","","","","","","","","","","","","","","","","","","","","","","","","","","47.41309","","45.56432","","43.71555","","41.86678","","40.018","","38.16923","","46.08282","","47.05334","","45.86166","","44.21753","","43.73131","","45.05797","","",
"Philippines","PHL","Population living in slums (% of urban population)","EN.POP.SLUM.UR.ZS","","","","","","","","","","","","","","","","","","","","","","","","","","","","","","","","","","","","","","","","","49.97359","","48.56749","","47.16139","","45.75529","","44.34919","","42.94309","","41.53699","","40.13089","","38.7248","","37.3187","","36.61565","","35.874","","",
"Palau","PLW","Population living in slums (% of urban population)","EN.POP.SLUM.UR.ZS","","","","","","","","","","","","","","","","","","","","","","","","","","","","","","","","","","","","","","","","","2.15","","1.95","","1.7","","1.5","","1.3","","1.05","","0.85","","0.65","","0.4","","0.3","","0.3","","0.61832","","",
"Papua New Guinea","PNG","Population living in slums (% of urban population)","EN.POP.SLUM.UR.ZS","","","","","","","","","","","","","","","","","","","","","","","","","","","","","","","","","","","","","","","","","19.75","","19.75","","19.75","","20.1","","20.5","","20.9","","21.3","","21.65","","22","","22.4","","22.8","","22.2687","","",
"Poland","POL","Population living in slums (% of urban population)","EN.POP.SLUM.UR.ZS","","","","","","","","","","","","","","","","","","","","","","","","","","","","","","","","","","","","","","","","","2.1","","1.8","","1.55","","1.25","","0.85","","0.55","","0.25","","0.05","","4.5","","4.3","","3.7","","4.21795","","",
"Pre-demographic dividend","PRE","Population living in slums (% of urban population)","EN.POP.SLUM.UR.ZS","","","","","","","","","","","","","","","","","","","","","","","","","","","","","","","","","","","","","","","","","64.0920225336993","","67.5830695471654","","65.9084107405608","","64.5700307935075","","63.1541431773935","","61.6148624864596","","60.0872338578653","","58.5963689964933","","57.1284463654924","","55.9214850415884","","54.6361681941766","","57.7568068287249","","",
"Puerto Rico (US)","PRI","Population living in slums (% of urban population)","EN.POP.SLUM.UR.ZS","","","","","","","","","","","","","","","","","","","","","","","","","","","","","","","","","","","","","","","","","","","","","","","","","","","","","","","","","","","","","","","","","",
"Korea, Dem. People's Rep.","PRK","Population living in slums (% of urban population)","EN.POP.SLUM.UR.ZS","","","","","","","","","","","","","","","","","","","","","","","","","","","","","","","","","","","","","","","","","","","","","","","","","","","","","","","","","","","","","","","23.03639","","",
"Portugal","PRT","Population living in slums (% of urban population)","EN.POP.SLUM.UR.ZS","","","","","","","","","","","","","","","","","","","","","","","","","","","","","","","","","","","","","","","","","1.25","","1.1","","0.95","","0.75","","0.55","","0.4","","0.25","","0.15","","0.1","","0.05","","0.05","","0.05897","","",
"Paraguay","PRY","Population living in slums (% of urban population)","EN.POP.SLUM.UR.ZS","","","","","","","","","","","","","","","","","","","","","","","","","","","","","","","","","","","","","","","","","42.02714","","39.03","","36.03286","","33.03571","","30.03857","","27.04143","","24.04429","","21.04714","","18.05","","15.05286","","15.1","","15.1","","",
"West Bank and Gaza","PSE","Population living in slums (% of urban population)","EN.POP.SLUM.UR.ZS","","","","","","","","","","","","","","","","","","","","","","","","","","","","","","","","","","","","","","","","","","","30","","30","","29.07112","","27.16442","","25.25772","","23.35102","","21.44433","","19.53763","","19.5","","19.5","","","","",
"Pacific island small states","PSS","Population living in slums (% of urban population)","EN.POP.SLUM.UR.ZS","","","","","","","","","","","","","","","","","","","","","","","","","","","","","","","","","","","","","","","","","4.34206124060203","","11.776387151521","","11.7092704210148","","11.1249849801397","","10.2228210663373","","9.29986665112144","","8.29986207509193","","7.35137145513222","","6.44688313774942","","6.29027458129548","","6.21105271143296","","7.72285177732614","","",
"Post-demographic dividend","PST","Population living in slums (% of urban population)","EN.POP.SLUM.UR.ZS","","","","","","","","","","","","","","","","","","","","","","","","","","","","","","","","","","","","","","","","","0.666177708472998","","0.63775583589026","","0.590069314756992","","1.26888874110973","","0.473672592309312","","0.956176029270942","","0.3916020697409","","0.594141940262085","","0.661799501496574","","0.680096666330046","","0.587444743324285","","0.694399511232043","","",
"French Polynesia","PYF","Population living in slums (% of urban population)","EN.POP.SLUM.UR.ZS","","","","","","","","","","","","","","","","","","","","","","","","","","","","","","","","","","","","","","","","","","","","","","","","","","","","","","","","","","","","","","","1.5","","",
"Qatar","QAT","Population living in slums (% of urban population)","EN.POP.SLUM.UR.ZS","","","","","","","","","","","","","","","","","","","","","","","","","","","","","","","","","","","","","","","","","","","","","","","","","","","","","0","","0","","0","","0","","0","","0","","",
"Romania","ROU","Population living in slums (% of urban population)","EN.POP.SLUM.UR.ZS","","","","","","","","","","","","","","","","","","","","","","","","","","","","","","","","","","","","","","","","","0","","3.65","","3.65","","3.5","","3.25","","2.95","","2.65","","2.4","","2.1","","1.85","","1.55","","2.52038","","",
"Russian Federation","RUS","Population living in slums (% of urban population)","EN.POP.SLUM.UR.ZS","","","","","","","","","","","","","","","","","","","","","","","","","","","","","","","","","","","","","","","","","3.65","","3.55","","3.5","","3.35","","3.3","","3.2","","3.15","","3","","2.9","","2.85","","2.75","","2.61887","","",
"Rwanda","RWA","Population living in slums (% of urban population)","EN.POP.SLUM.UR.ZS","","","","","","","","","","","","","","","","","","","","","","","","","","","","","","","","","","","","","","","","","71.42051","","67.93933","","64.45814","","60.97695","","57.49576","","54.01458","","50.53339","","47.0522","","43.57101","","40.08982","","38.34923","","38.34923","","",
"South Asia","SAS","Population living in slums (% of urban population)","EN.POP.SLUM.UR.ZS","","","","","","","","","","","","","","","","","","","","","","","","","","","","","","","","","","","","","","","","","","","","","","","","","","","","","","","","","","","11.3901129909305","5.41","","","","","",
"Saudi Arabia","SAU","Population living in slums (% of urban population)","EN.POP.SLUM.UR.ZS","","","","","","","","","","","","","","","","","","","","","","","","","","","","","","","","","","","","","","","","","","","","","","","","","","","","","","","","","","","","","","","0.55","","",
"Sudan","SDN","Population living in slums (% of urban population)","EN.POP.SLUM.UR.ZS","","","","","","","","","","","","","","","","","","","","","","","","","","","","","","","","","","","","","","","","","21.7636","","99.1","","99.1","","99.08834","","94.00333","","88.91831","","83.8333","","78.74829","","73.66328","","73.7","","73.7","","73.7","","",
"Senegal","SEN","Population living in slums (% of urban population)","EN.POP.SLUM.UR.ZS","","","","","","","","","","","","","","","","","","","","","","","","","","","","","","","","","","","","","","","","","67.15485","","63.59985","","60.04485","","56.48985","","52.93485","","49.37985","","45.82485","","42.26985","","38.71484","","35.15984","","31.60484","","46.41165","","",
"Singapore","SGP","Population living in slums (% of urban population)","EN.POP.SLUM.UR.ZS","","","","","","","","","","","","","","","","","","","","","","","","","","","","","","","","","","","","","","","","","0","","0","","0","","0","","0","","0","","0","","0","","0","","0","","0","","0","","",
"Solomon Islands","SLB","Population living in slums (% of urban population)","EN.POP.SLUM.UR.ZS","","","","","","","","","","","","","","","","","","","","","","","","","","","","","","","","","","","","","","","","","10.4","","10.4","","10.4","","8.95","","7.5","","6.05","","4.6","","3.15","","2","","1.95","","1.95","","1.94965","","",
"Sierra Leone","SLE","Population living in slums (% of urban population)","EN.POP.SLUM.UR.ZS","","","","","","","","","","","","","","","","","","","","","","","","","","","","","","","","","","","","","","","","","73.9","","73.9","","72.5475","","69.80989","","67.07228","","64.33467","","61.59705","","58.85944","","56.12183","","53.38422","","50.64661","","49.27874","","",
"El Salvador","SLV","Population living in slums (% of urban population)","EN.POP.SLUM.UR.ZS","","","","","","","","","","","","","","","","","","","","","","","","","","","","","","","","","","","","","","","","","1.9036","","49.5","","49.5","","46.49143","","40.48857","","34.48571","","28.48286","","22.48","","16.47714","","16.5","","16.5","","16.47714","","",
"San Marino","SMR","Population living in slums (% of urban population)","EN.POP.SLUM.UR.ZS","","","","","","","","","","","","","","","","","","","","","","","","","","","","","","","","","","","","","","","","","","","","","","","","","","","","","","","","","","","","","","","","","",
"Somalia, Fed. Rep.","SOM","Population living in slums (% of urban population)","EN.POP.SLUM.UR.ZS","","","","","","","","","","","","","","","","","","","","","","","","","","","","","","","","","","","","","","","","","76.73784","","74.76156","","72.35662","","69.89404","","67.40634","","64.81973","","62.16985","","59.52948","","56.84264","","53.3709","","51.93824","","48.68591","","",
"Serbia","SRB","Population living in slums (% of urban population)","EN.POP.SLUM.UR.ZS","","","","","","","","","","","","","","","","","","","","","","","","","","","","","","","","","","","","","","","","","0.65","","0.65","","0.6","","0.6","","0.55","","0.5","","0.5","","0.45","","0.45","","0.4","","0.35","","1.41509","","",
"Sub-Saharan Africa (excluding high income)","SSA","Population living in slums (% of urban population)","EN.POP.SLUM.UR.ZS","","","","","","","","","","","","","","","","","","","","","","","","","","","","","","","","","","","","","","","","","60.4860296663996","","63.6985525556193","","62.0747090221526","","60.70034700492","","59.1636456740406","","57.5803371348121","","55.9679378184887","","54.359266264839","","52.7572487502338","","51.5774951814316","","50.3642693722409","","53.7508814005081","","",
"South Sudan","SSD","Population living in slums (% of urban population)","EN.POP.SLUM.UR.ZS","","","","","","","","","","","","","","","","","","","","","","","","","","","","","","","","","","","","","","","","","","","99.8","","99.8","","99.8","","99.80584","","97.0038","","94.20176","","94.2","","94.2","","94.2","","94.2","","94.2","","",
"Sub-Saharan Africa","SSF","Population living in slums (% of urban population)","EN.POP.SLUM.UR.ZS","","","","","","","","","","","","","","","","","","","","","","","","","","","","","","","","","","","","","","","","","62.1153055147592","","64.8869663856837","","63.1983376486907","","61.7453097082142","","60.1470965612547","","58.5105987744302","","56.8439430910134","","55.1747426203882","","53.5099848791563","","52.2437764140913","","51.1086583279871","","54.3254203941044","","",
"Small states","SST","Population living in slums (% of urban population)","EN.POP.SLUM.UR.ZS","","","","","","","","","","","","","","","","","","","","","","","","","","","","","","","","","","","","","","","","","25.1909703508482","","25.7606357714357","","27.038831482669","","26.4549183592126","","25.669516447563","","24.7151124769268","","23.7104996317482","","22.6872207287321","","21.6217261352068","","21.8837084568926","","21.4816142815088","","20.1632230128451","","",
"Sao Tome and Principe","STP","Population living in slums (% of urban population)","EN.POP.SLUM.UR.ZS","","","","","","","","","","","","","","","","","","","","","","","","","","","","","","","","","","","","","","","","","","","","","61.4","","61.4","","60.3972","","58.45879","","56.52039","","54.58198","","52.64358","","52.6","","52.6","","82.39333","","",
"Suriname","SUR","Population living in slums (% of urban population)","EN.POP.SLUM.UR.ZS","","","","","","","","","","","","","","","","","","","","","","","","","","","","","","","","","","","","","","","","","7.43018","","8.26719","","9.10421","","9.94123","","10.77825","","11.61526","","12.45228","","13.2893","","14.12632","","14.96333","","15.80035","","15.80035","","",
"Slovak Republic","SVK","Population living in slums (% of urban population)","EN.POP.SLUM.UR.ZS","","","","","","","","","","","","","","","","","","","","","","","","","","","","","","","","","","","","","","","","","0.05","","0.05","","0.05","","0.05","","0.05","","0.05","","0.05","","0.05","","0.05","","0.05","","0.05","","0.06602","","",
"Slovenia","SVN","Population living in slums (% of urban population)","EN.POP.SLUM.UR.ZS","","","","","","","","","","","","","","","","","","","","","","","","","","","","","","","","","","","","","","","","","","","","","","","","","","","","","","","","","","","","","","","0.52712","","",
"Sweden","SWE","Population living in slums (% of urban population)","EN.POP.SLUM.UR.ZS","","","","","","","","","","","","","","","","","","","","","","","","","","","","","","","","","","","","","","","","","0.3","","0.25","","0.25","","0.25","","0.2","","0.15","","0.15","","0.15","","0.1","","0.1","","0.1","","0.3362","","",
"Eswatini","SWZ","Population living in slums (% of urban population)","EN.POP.SLUM.UR.ZS","","","","","","","","","","","","","","","","","","","","","","","","","","","","","","","","","","","","","","","","","55.35217","","55.35217","","55.35217","","47.92817","","40.50418","","33.08018","","25.65619","","18.23219","","10.8082","","10.8082","","10.8082","","17.00571","","",
"Sint Maarten (Dutch part)","SXM","Population living in slums (% of urban population)","EN.POP.SLUM.UR.ZS","","","","","","","","","","","","","","","","","","","","","","","","","","","","","","","","","","","","","","","","","","","","","","","","","","","","","","","","","","","","","","","2.88821","","",
"Seychelles","SYC","Population living in slums (% of urban population)","EN.POP.SLUM.UR.ZS","","","","","","","","","","","","","","","","","","","","","","","","","","","","","","","","","","","","","","","","","76.73784","","74.76156","","72.35662","","69.89404","","67.40634","","64.81973","","62.16985","","59.52948","","56.84264","","53.3709","","51.93824","","48.68591","","",
"Syrian Arab Republic","SYR","Population living in slums (% of urban population)","EN.POP.SLUM.UR.ZS","","","","","","","","","","","","","","","","","","","","","","","","","","","","","","","","","","","","","","","","","30.70216","","32.06623","","31.30597","","30.43709","","28.53389","","26.99801","","25.43429","","24.12942","","23.91932","","25.18149","","25.57503","","41.12579","","",
"Turks and Caicos Islands","TCA","Population living in slums (% of urban population)","EN.POP.SLUM.UR.ZS","","","","","","","","","","","","","","","","","","","","","","","","","","","","","","","","","","","","","","","","","","","","","","","","","","","","","","","","","","","","","","","0.6313","","",
"Chad","TCD","Population living in slums (% of urban population)","EN.POP.SLUM.UR.ZS","","","","","","","","","","","","","","","","","","","","","","","","","","","","","","","","","","","","","","","","","91.58375","","90.45647","","89.32919","","88.20191","","87.07463","","85.94735","","84.82007","","83.69279","","82.56551","","82","","82","","82","","",
"East Asia & Pacific (IDA & IBRD countries)","TEA","Population living in slums (% of urban population)","EN.POP.SLUM.UR.ZS","","","","","","","","","","","","","","","","","","","","","","","","","","","","","","","","","","","","","","","","","","","","","","","","","","","","","","","","","","","","","","","26.5743012186994","","",
"Europe & Central Asia (IDA & IBRD countries)","TEC","Population living in slums (% of urban population)","EN.POP.SLUM.UR.ZS","","","","","","","","","","","","","","","","","","","","","","","","","","","","","","","","","","","","","","","","","9.89735703545063","","9.61499061859965","","9.09329680197387","","8.44609874387382","","7.78184316236641","","7.20472664966126","","6.60465055388454","","5.56636140096623","","5.45698688985373","","5.30775000933568","","5.63310935407638","","5.91381548720213","","",
"Togo","TGO","Population living in slums (% of urban population)","EN.POP.SLUM.UR.ZS","","","","","","","","","","","","","","","","","","","","","","","","","","","","","","","","","","","","","","","","","69.27204","","66.02873","","62.78541","","59.54209","","56.29878","","53.05546","","49.81214","","46.56882","","43.32551","","40.08219","","38.5","","38.46053","","",
"Thailand","THA","Population living in slums (% of urban population)","EN.POP.SLUM.UR.ZS","","","","","","","","","","","","","","","","","","","","","","","","","","","","","","","","","","","","","","","","","","","","","","","","","","","","","","","","","","","","2","","","","","",
"Tajikistan","TJK","Population living in slums (% of urban population)","EN.POP.SLUM.UR.ZS","","","","","","","","","","","","","","","","","","","","","","","","","","","","","","","","","","","","","","","","","","","","","","","","","","","","","","","","","0.05","","","","","","","","",
"Turkmenistan","TKM","Population living in slums (% of urban population)","EN.POP.SLUM.UR.ZS","","","","","","","","","","","","","","","","","","","","","","","","","","","","","","","","","","","","","","","","","10.5","","10.5","","10.50752","","10.25739","","10.00727","","9.75714","","9.50701","","9.25688","","9.00675","","8.75663","","8.5065","","8.38201","","",
"Latin America & the Caribbean (IDA & IBRD countries)","TLA","Population living in slums (% of urban population)","EN.POP.SLUM.UR.ZS","","","","","","","","","","","","","","","","","","","","","","","","","","","","","","","","","","","","","","","","","32.5625368751305","","30.8584165821382","","28.7311900426708","","26.702255112736","","23.8394946261017","","22.1583271723856","","19.9473141782233","","19.1869259892759","","17.8397336938203","","","","","","18.9378145790574","","",
"Timor-Leste","TLS","Population living in slums (% of urban population)","EN.POP.SLUM.UR.ZS","","","","","","","","","","","","","","","","","","","","","","","","","","","","","","","","","","","","","","","","","","","","","56.1","","56.1","","54","","50","","46","","42","","37.9","","33.9","","33.9","","33.92051","","",
"Middle East, North Africa, Afghanistan & Pakistan (IDA & IBRD)","TMN","Population living in slums (% of urban population)","EN.POP.SLUM.UR.ZS","","","","","","","","","","","","","","","","","","","","","","","","","","","","","","","","","","","","","","","","","52.9401516388743","","52.2705748937807","","50.4657753512082","","46.3668984649908","","44.4014274487697","","42.5226677807099","","40.5489884230074","","37.8591917391751","","36.8237987249293","","36.588107840097","","36.1643417961415","","35.956298477496","","",
"Tonga","TON","Population living in slums (% of urban population)","EN.POP.SLUM.UR.ZS","","","","","","","","","","","","","","","","","","","","","","","","","","","","","","","","","","","","","","","","","1.8","","1.8","","1.8","","1.65","","1.45","","1.25","","1.1","","0.95","","0.75","","0.6","","0.35","","0.30753","","",
"South Asia (IDA & IBRD)","TSA","Population living in slums (% of urban population)","EN.POP.SLUM.UR.ZS","","","","","","","","","","","","","","","","","","","","","","","","","","","","","","","","","","","","","","","","","","","","","","","","","","","","","","","","","","","11.3901129909305","5.41","","","","","",
"Sub-Saharan Africa (IDA & IBRD countries)","TSS","Population living in slums (% of urban population)","EN.POP.SLUM.UR.ZS","","","","","","","","","","","","","","","","","","","","","","","","","","","","","","","","","","","","","","","","","62.1153055147592","","64.8869663856837","","63.1983376486907","","61.7453097082142","","60.1470965612547","","58.5105987744302","","56.8439430910134","","55.1747426203882","","53.5099848791563","","52.2437764140913","","51.1086583279871","","54.3254203941044","","",
"Trinidad and Tobago","TTO","Population living in slums (% of urban population)","EN.POP.SLUM.UR.ZS","","","","","","","","","","","","","","","","","","","","","","","","","","","","","","","","","","","","","","","","","11.06","","11.06","","11.06","","10.28","","9.5","","8.72","","7.94","","7.5","","7.5","","","","","","8.62727","","",
"Tunisia","TUN","Population living in slums (% of urban population)","EN.POP.SLUM.UR.ZS","","","","","","","","","","","","","","","","","","","","","","","","","","","","","","","","","","","","","","","","","","","","","","","10.4","","10.4","","10.14415","","9.64392","","9.14369","","8.64346","","8.14324","","7.64301","","7.64301","","",
"Turkiye","TUR","Population living in slums (% of urban population)","EN.POP.SLUM.UR.ZS","","","","","","","","","","","","","","","","","","","","","","","","","","","","","","","","","","","","","","","","","24.58136","","23.18733","","21.79329","","20.39926","","19.00523","","17.61119","","16.21716","","14.82313","","14.12611","","14.12611","","14.12611","","14.12611","","",
"Tuvalu","TUV","Population living in slums (% of urban population)","EN.POP.SLUM.UR.ZS","","","","","","","","","","","","","","","","","","","","","","","","","","","","","","","","","","","","","","","","","2.1777","","4.25","","4.25","","3.75","","2.55","","1.45","","0.35","","1.2058","","1.1005","","0.9951","","0.8897","","50.89943","","",
"Tanzania","TZA","Population living in slums (% of urban population)","EN.POP.SLUM.UR.ZS","","","","","","","","","","","","","","","","","","","","","","","","","","","","","","","","","","","","","","","","","81.32802","","77.07039","","72.81275","","68.55511","","64.29748","","60.03984","","55.78221","","51.52457","","47.26693","","43.0093","","40.88048","","70.08585","","",
"Uganda","UGA","Population living in slums (% of urban population)","EN.POP.SLUM.UR.ZS","","","","","","","","","","","","","","","","","","","","","","","","","","","","","","","","","","","","","","","","","80.90118","","78.21228","","75.52337","","72.83447","","70.14557","","67.45666","","64.76776","","62.07886","","59.38995","","56.70105","","54.01214","","52.68098","","",
"Ukraine","UKR","Population living in slums (% of urban population)","EN.POP.SLUM.UR.ZS","","","","","","","","","","","","","","","","","","","","","","","","","","","","","","","","","","","","","","","","","5","","5","","4.6","","3.9","","3.2","","2.5","","1.8","","1.1","","1.1","","1.1","","","","","","",
"Upper middle income","UMC","Population living in slums (% of urban population)","EN.POP.SLUM.UR.ZS","","","","","","","","","","","","","","","","","","","","","","","","","","","","","","","","","","","","","","","","","","","","","","","","","","","","","","","","","","","","","","","23.6714663563084","","",
"Uruguay","URY","Population living in slums (% of urban population)","EN.POP.SLUM.UR.ZS","","","","","","","","","","","","","","","","","","","","","","","","","","","","","","","","","","","","","","","","","23.7","","23.7","","23.67571","","19.95","","16.22429","","12.49857","","8.77286","","5.04714","","1.3","","1.3","","1.3","","1.3","","",
"United States","USA","Population living in slums (% of urban population)","EN.POP.SLUM.UR.ZS","","","","","","","","","","","","","","","","","","","","","","","","","","","","","","","","","","","","","","","","","0.2","","0.2","","0.2","","0.2","","0.2","","0.2","","0.2","","0.2","","0.2","","0.15","","0.15","","0.09318","","",
"Uzbekistan","UZB","Population living in slums (% of urban population)","EN.POP.SLUM.UR.ZS","","","","","","","","","","","","","","","","","","","","","","","","","","","","","","","","","","","","","","","","","29.45579","","26.73127","","23.97195","","21.18651","","18.41311","","15.62992","","12.83512","","10.05116","","7.29256","","5.35972","","4.52719","","7.1","","",
"St. Vincent and the Grenadines","VCT","Population living in slums (% of urban population)","EN.POP.SLUM.UR.ZS","","","","","","","","","","","","","","","","","","","","","","","","","","","","","","","","","","","","","","","","","","","","","","","","","","","","","","","","","","","","","","","2.75506","","",
"Venezuela, RB","VEN","Population living in slums (% of urban population)","EN.POP.SLUM.UR.ZS","","","","","","","","","","","","","","","","","","","","","","","","","","","","","","","","","","","","","","","","","27.82014","","26.40689","","25.7","","25.7","","","","","","","","","","","","","","","","25.7","","",
"British Virgin Islands","VGB","Population living in slums (% of urban population)","EN.POP.SLUM.UR.ZS","","","","","","","","","","","","","","","","","","","","","","","","","","","","","","","","","","","","","","","","","3.4601","","3.1657","","2.8713","","2.5769","","2.2824","","1.988","","1.6388","","1.6388","","1.6388","","0.13562","","0.13562","","0.13562","","",
"Virgin Islands (U.S.)","VIR","Population living in slums (% of urban population)","EN.POP.SLUM.UR.ZS","","","","","","","","","","","","","","","","","","","","","","","","","","","","","","","","","","","","","","","","","","","","","","","","","","","","","","","","","","","","","","","1.09573","","",
"Viet Nam","VNM","Population living in slums (% of urban population)","EN.POP.SLUM.UR.ZS","","","","","","","","","","","","","","","","","","","","","","","","","","","","","","","","","","","","","","","","","45.31667","","40.37283","","35.429","","30.48516","","25.54133","","20.59749","","15.65365","","10.70982","","5.76598","","5.76598","","5.76598","","32.5","","",
"Vanuatu","VUT","Population living in slums (% of urban population)","EN.POP.SLUM.UR.ZS","","","","","","","","","","","","","","","","","","","","","","","","","","","","","","","","","","","","","","","","","4.55","","4.55","","4.55","","4.45","","4.35","","4.25","","4.15","","4","","4.1","","4.15","","4.15","","3.064","","",
"World","WLD","Population living in slums (% of urban population)","EN.POP.SLUM.UR.ZS","","","","","","","","","","","","","","","","","","","","","","","","","","","","","","","","","","","","","","","","","","","","","","","","","","","","","","","","","","","19.4182505213373","","","","23.1437351632932","","",
"Samoa","WSM","Population living in slums (% of urban population)","EN.POP.SLUM.UR.ZS","","","","","","","","","","","","","","","","","","","","","","","","","","","","","","","","","","","","","","","","","4.55","","4.55","","4.55","","3.9","","3.2","","2.55","","1.85","","1.15","","0.5","","0.25","","0.25","","34.58533","","",
"Kosovo","XKX","Population living in slums (% of urban population)","EN.POP.SLUM.UR.ZS","","","","","","","","","","","","","","","","","","","","","","","","","","","","","","","","","","","","","","","","","","","","","","","","","","","","","","","","","","","","","","","","","",
"Yemen, Rep.","YEM","Population living in slums (% of urban population)","EN.POP.SLUM.UR.ZS","","","","","","","","","","","","","","","","","","","","","","","","","","","","","","","","","","","","","","","","","63.81216","","61.19064","","58.56911","","55.94758","","53.32605","","50.70453","","48.083","","45.46147","","44.2","","44.2","","44.2","","44.2","","",
"South Africa","ZAF","Population living in slums (% of urban population)","EN.POP.SLUM.UR.ZS","","","","","","","","","","","","","","","","","","","","","","","","","","","","","","","","","","","","","","","","","27.60971","","27.22887","","26.84803","","26.46718","","26.08634","","25.7055","","25.32466","","24.94382","","24.56298","","24.18213","","24.2","","24.2","","",
"Zambia","ZMB","Population living in slums (% of urban population)","EN.POP.SLUM.UR.ZS","","","","","","","","","","","","","","","","","","","","","","","","","","","","","","","","","","","","","","","","","63.78455","","62.23191","","60.67926","","59.12662","","57.57398","","56.02134","","54.4687","","52.91605","","51.36341","","49.81077","","48.25813","","48.25813","","",
"Zimbabwe","ZWE","Population living in slums (% of urban population)","EN.POP.SLUM.UR.ZS","","","","","","","","","","","","","","","","","","","","","","","","","","","","","","","","","","","","","","","","","27.52175","","26.92639","","26.33104","","25.73569","","25.14033","","24.54498","","23.94962","","23.35427","","22.75892","","22.16356","","21.56821","","54.88268","","",
