Country Name,Year,Population living in slums percentage
Aruba,2000,0.0
Africa Eastern and Southern,2000,53.2249577685358
Africa Western and Central,2000,71.2648848333437
Angola,2000,19.7
Albania,2000,28.1
Andorra,2000,0.0
Arab World,2000,36.7253459640636
United Arab Emirates,2000,0.7025
Argentina,2000,20.29188
Armenia,2000,12.79599
Australia,2000,0.165
Austria,2000,4.5
Azerbaijan,2000,50.94
Burundi,2000,79.7
Belgium,2000,0.0
Benin,2000,71.86569
Burkina Faso,2000,82.21152
Bangladesh,2000,58.31077
Bulgaria,2000,0.05
Bosnia and Herzegovina,2000,5.1
Belize,2000,15.8
Bermuda,2000,0.01336
Bolivia,2000,57.94489
Brazil,2000,34.73978
Brunei Darussalam,2000,37.41056
Bhutan,2000,57.60128
Botswana,2000,58.69239
Central African Republic,2000,85.96516
Canada,2000,0.25
Central Europe and the Baltics,2000,2.54743739000935
Switzerland,2000,0.0
Chile,2000,14.616
Cote d'Ivoire,2000,67.07658
Cameroon,2000,65.3638
"Congo, Rep.",2000,87.80583
Colombia,2000,21.17683
Comoros,2000,64.49449
Cabo Verde,2000,70.86701
Costa Rica,2000,12.69593
Caribbean small states,2000,12.7384328177733
Cuba,2000,2.15371
Cyprus,2000,0.2
Czechia,2000,0.05
Germany,2000,0.0
Djibouti,2000,76.73784
Denmark,2000,0.0
Dominican Republic,2000,30.15546
Europe & Central Asia (excluding high income),2000,18.8236575986441
Europe & Central Asia,2000,5.12228956042551
Ecuador,2000,57.41273
"Egypt, Arab Rep.",2000,42.22616
Euro area,2000,0.297876231506013
Eritrea,2000,76.73784
Estonia,2000,0.05
Ethiopia,2000,92.17158
European Union,2000,0.790180188827174
Fragile and conflict affected situations,2000,46.7724556648591
Finland,2000,0.0
Fiji,2000,2.2181
France,2000,0.0
Gabon,2000,57.43
United Kingdom,2000,0.1
Georgia,2000,13.6
Ghana,2000,60.36841
Guinea,2000,40.66534
"Gambia, The",2000,56.92053
Equatorial Guinea,2000,52.91641
Greece,2000,0.25
Guatemala,2000,55.49609
Guyana,2000,26.1
High income,2000,1.48087476464286
Honduras,2000,44.4
Heavily indebted poor countries (HIPC),2000,69.3477778941334
Croatia,2000,0.4
Haiti,2000,61.2833
Hungary,2000,15.4
IDA total,2000,63.7411132320063
IDA blend,2000,65.9327326216061
Indonesia,2000,35.12568
IDA only,2000,61.9384838160629
Ireland,2000,6.2
"Iran, Islamic Rep.",2000,57.60128
Iraq,2000,33.89419
Iceland,2000,0.0
Italy,2000,0.02
Kazakhstan,2000,24.45811
Kenya,2000,63.18451
Kyrgyz Republic,2000,47.15842
Cambodia,2000,84.8
Kiribati,2000,18.1
Kuwait,2000,0.0
Latin America & Caribbean (excluding high income),2000,32.9894236657662
Lao PDR,2000,54.4
Libya,2000,39.14517
St. Lucia,2000,4.85
Latin America & Caribbean,2000,31.9008035454862
Least developed countries: UN classification,2000,62.0921819524642
Low income,2000,63.2802162008365
Sri Lanka,2000,57.60128
Lesotho,2000,62.72729
Lithuania,2000,4.15
Luxembourg,2000,0.0
Latvia,2000,2.85
Morocco,2000,33.15472
Monaco,2000,0.0
Moldova,2000,26.5
Madagascar,2000,91.43569
"Middle East, North Africa, Afghanistan & Pakistan",2000,51.0303699870663
Mexico,2000,32.16297
North Macedonia,2000,1.3
Mali,2000,83.87627
Malta,2000,0.0375
Myanmar,2000,29.39935
"Middle East, North Africa, Afghanistan & Pakistan (excluding high income)",2000,52.9401516388743
Montenegro,2000,19.1
Mongolia,2000,57.60411
Mozambique,2000,90.09549
Mauritania,2000,84.69319
Mauritius,2000,76.73784
Malawi,2000,81.41073
North America,2000,0.204880158953072
Namibia,2000,42.55683
Niger,2000,70.03805
Nigeria,2000,74.10729
Nicaragua,2000,71.59811
Netherlands,2000,0.0
Norway,2000,0.0
Nepal,2000,66.31029
Nauru,2000,3.6
New Zealand,2000,0.0
OECD members,2000,6.15858759009717
Oman,2000,4.25
Other small states,2000,31.7862343388462
Pakistan,2000,71.22167
Panama,2000,48.67615
Peru,2000,47.41309
Philippines,2000,49.97359
Palau,2000,2.15
Papua New Guinea,2000,19.75
Poland,2000,2.1
Pre-demographic dividend,2000,64.0920225336993
Portugal,2000,1.25
Paraguay,2000,42.02714
Pacific island small states,2000,4.34206124060203
Post-demographic dividend,2000,0.666177708472998
Romania,2000,0.0
Russian Federation,2000,3.65
Rwanda,2000,71.42051
Sudan,2000,21.7636
Senegal,2000,67.15485
Singapore,2000,0.0
Solomon Islands,2000,10.4
Sierra Leone,2000,73.9
El Salvador,2000,1.9036
"Somalia, Fed. Rep.",2000,76.73784
Serbia,2000,0.65
Sub-Saharan Africa (excluding high income),2000,60.4860296663996
Sub-Saharan Africa,2000,62.1153055147592
Small states,2000,25.1909703508482
Suriname,2000,7.43018
Slovak Republic,2000,0.05
Sweden,2000,0.3
Eswatini,2000,55.35217
Seychelles,2000,76.73784
Syrian Arab Republic,2000,30.70216
Chad,2000,91.58375
Europe & Central Asia (IDA & IBRD countries),2000,9.89735703545063
Togo,2000,69.27204
Turkmenistan,2000,10.5
Latin America & the Caribbean (IDA & IBRD countries),2000,32.5625368751305
"Middle East, North Africa, Afghanistan & Pakistan (IDA & IBRD)",2000,52.9401516388743
Tonga,2000,1.8
Sub-Saharan Africa (IDA & IBRD countries),2000,62.1153055147592
Trinidad and Tobago,2000,11.06
Turkiye,2000,24.58136
Tuvalu,2000,2.1777
Tanzania,2000,81.32802
Uganda,2000,80.90118
Ukraine,2000,5.0
Uruguay,2000,23.7
United States,2000,0.2
Uzbekistan,2000,29.45579
"Venezuela, RB",2000,27.82014
British Virgin Islands,2000,3.4601
Viet Nam,2000,45.31667
Vanuatu,2000,4.55
Samoa,2000,4.55
"Yemen, Rep.",2000,63.81216
South Africa,2000,27.60971
Zambia,2000,63.78455
Zimbabwe,2000,27.52175
Aruba,2002,0.0
Africa Eastern and Southern,2002,61.4068055252338
Africa Western and Central,2002,69.0224884500819
Angola,2002,19.7
Albania,2002,25.5
Andorra,2002,0.0
Arab World,2002,43.419093543912
United Arab Emirates,2002,0.95
Argentina,2002,19.56624
Armenia,2002,12.30696
Australia,2002,0.165
Austria,2002,4.4
Azerbaijan,2002,44.93667
Burundi,2002,79.7
Belgium,2002,0.0
Benin,2002,71.47241
Burkina Faso,2002,76.64539
Bangladesh,2002,57.66662
Bulgaria,2002,0.1
Bosnia and Herzegovina,2002,5.1
Belize,2002,15.76133
Bermuda,2002,0.02302
Bolivia,2002,55.68105
Brazil,2002,31.43266
Brunei Darussalam,2002,35.7893
Bhutan,2002,56.79227
Botswana,2002,56.56976
Central African Republic,2002,83.12315
Canada,2002,0.25
Central Europe and the Baltics,2002,2.97925584783477
Switzerland,2002,0.0
Chile,2002,10.97
Cote d'Ivoire,2002,65.53594
Cameroon,2002,62.0946
"Congo, Dem. Rep.",2002,71.91424
"Congo, Rep.",2002,87.80583
Colombia,2002,19.83238
Comoros,2002,65.08643
Cabo Verde,2002,68.62824
Costa Rica,2002,11.78091
Caribbean small states,2002,12.8803151183028
Cuba,2002,2.15371
Cayman Islands,2002,4.15
Cyprus,2002,0.2
Czechia,2002,0.05
Germany,2002,0.0
Djibouti,2002,74.76156
Denmark,2002,0.0
Dominican Republic,2002,27.79214
Europe & Central Asia (excluding high income),2002,17.7169154280397
Europe & Central Asia,2002,4.94087618535288
Ecuador,2002,57.84727
"Egypt, Arab Rep.",2002,36.71599
Euro area,2002,0.286595647678345
Eritrea,2002,74.76156
Estonia,2002,0.05
Ethiopia,2002,89.07633
European Union,2002,0.87698633390942
Fragile and conflict affected situations,2002,52.8181169215321
Finland,2002,0.0
Fiji,2002,15.0
France,2002,0.0
Gabon,2002,55.55895
United Kingdom,2002,0.1
Georgia,2002,13.6
Ghana,2002,57.00822
Guinea,2002,41.49952
"Gambia, The",2002,55.11779
Equatorial Guinea,2002,60.09282
Greece,2002,0.25
Guatemala,2002,53.25944
Guyana,2002,26.1
High income,2002,1.41586951401923
Honduras,2002,44.4
Heavily indebted poor countries (HIPC),2002,73.0181626263759
Croatia,2002,0.4
Haiti,2002,59.97767
Hungary,2002,14.2
IDA total,2002,65.1338065337161
IDA blend,2002,64.1894579419593
Indonesia,2002,33.47149
IDA only,2002,65.8261470064131
Ireland,2002,6.4
"Iran, Islamic Rep.",2002,56.79227
Iraq,2002,35.43867
Iceland,2002,0.0
Italy,2002,0.02
Kazakhstan,2002,21.67406
Kenya,2002,61.63811
Kyrgyz Republic,2002,42.68651
Cambodia,2002,79.2
Kiribati,2002,16.8
Kuwait,2002,0.0
Latin America & Caribbean (excluding high income),2002,31.3862595502188
Lao PDR,2002,51.0
Lebanon,2002,92.4
Liberia,2002,75.48823
Libya,2002,45.26156
St. Lucia,2002,4.85
Latin America & Caribbean,2002,30.2461536317738
Least developed countries: UN classification,2002,66.5213885422067
Low income,2002,73.6672000058619
Sri Lanka,2002,56.79227
Lesotho,2002,62.72729
Lithuania,2002,3.7
Luxembourg,2002,0.0
Latvia,2002,2.75
Morocco,2002,30.36674
Monaco,2002,0.0
Moldova,2002,23.7
Madagascar,2002,89.03413
"Middle East, North Africa, Afghanistan & Pakistan",2002,50.144792234859
Mexico,2002,30.44793
Marshall Islands,2002,2.2
North Macedonia,2002,1.3
Mali,2002,79.68152
Malta,2002,0.0375
Myanmar,2002,32.60843
"Middle East, North Africa, Afghanistan & Pakistan (excluding high income)",2002,52.0110793552051
Montenegro,2002,19.1
Mongolia,2002,53.63156
Mozambique,2002,86.58183
Mauritania,2002,81.3166
Mauritius,2002,74.76156
Malawi,2002,77.89671
North America,2002,0.204897602035171
Namibia,2002,42.4078
Niger,2002,70.09604
Nigeria,2002,71.59477
Nicaragua,2002,70.33595
Netherlands,2002,0.0
Norway,2002,0.0
Nepal,2002,63.41828
Nauru,2002,3.15
New Zealand,2002,0.0
OECD members,2002,5.85073202325078
Oman,2002,4.0
Other small states,2002,31.6219629438471
Pakistan,2002,69.69687
Panama,2002,44.36462
Peru,2002,45.56432
Philippines,2002,48.56749
Palau,2002,1.95
Papua New Guinea,2002,19.75
Poland,2002,1.8
Pre-demographic dividend,2002,67.5830695471654
Portugal,2002,1.1
Paraguay,2002,39.03
West Bank and Gaza,2002,30.0
Pacific island small states,2002,11.776387151521
Post-demographic dividend,2002,0.63775583589026
Romania,2002,3.65
Russian Federation,2002,3.55
Rwanda,2002,67.93933
Sudan,2002,99.1
Senegal,2002,63.59985
Singapore,2002,0.0
Solomon Islands,2002,10.4
Sierra Leone,2002,73.9
El Salvador,2002,49.5
"Somalia, Fed. Rep.",2002,74.76156
Serbia,2002,0.65
Sub-Saharan Africa (excluding high income),2002,63.6985525556193
South Sudan,2002,99.8
Sub-Saharan Africa,2002,64.8869663856837
Small states,2002,25.7606357714357
Suriname,2002,8.26719
Slovak Republic,2002,0.05
Sweden,2002,0.25
Eswatini,2002,55.35217
Seychelles,2002,74.76156
Syrian Arab Republic,2002,32.06623
Chad,2002,90.45647
Europe & Central Asia (IDA & IBRD countries),2002,9.61499061859965
Togo,2002,66.02873
Turkmenistan,2002,10.5
Latin America & the Caribbean (IDA & IBRD countries),2002,30.8584165821382
"Middle East, North Africa, Afghanistan & Pakistan (IDA & IBRD)",2002,52.2705748937807
Tonga,2002,1.8
Sub-Saharan Africa (IDA & IBRD countries),2002,64.8869663856837
Trinidad and Tobago,2002,11.06
Turkiye,2002,23.18733
Tuvalu,2002,4.25
Tanzania,2002,77.07039
Uganda,2002,78.21228
Ukraine,2002,5.0
Uruguay,2002,23.7
United States,2002,0.2
Uzbekistan,2002,26.73127
"Venezuela, RB",2002,26.40689
British Virgin Islands,2002,3.1657
Viet Nam,2002,40.37283
Vanuatu,2002,4.55
Samoa,2002,4.55
"Yemen, Rep.",2002,61.19064
South Africa,2002,27.22887
Zambia,2002,62.23191
Zimbabwe,2002,26.92639
Aruba,2004,0.0
Africa Eastern and Southern,2004,60.3020618888339
Africa Western and Central,2004,66.58591827105
Angola,2004,19.66039
Albania,2004,23.0
Andorra,2004,0.0
Arab World,2004,41.2550804524809
United Arab Emirates,2004,0.95
Argentina,2004,18.84059
Armenia,2004,11.81793
Australia,2004,0.145
Austria,2004,4.4
Azerbaijan,2004,38.93333
Burundi,2004,77.04306
Belgium,2004,0.0
Benin,2004,71.07914
Burkina Faso,2004,71.07927
Bangladesh,2004,57.02246
Bulgaria,2004,0.1
Bosnia and Herzegovina,2004,5.1
Belize,2004,15.75733
Bermuda,2004,0.03269
Bolivia,2004,53.41721
Brazil,2004,28.12555
Brunei Darussalam,2004,34.12692
Bhutan,2004,55.97413
Botswana,2004,54.44714
Central African Republic,2004,80.28114
Canada,2004,0.25
Central Europe and the Baltics,2004,2.74374590219611
Switzerland,2004,0.0
Chile,2004,7.324
Cote d'Ivoire,2004,63.9953
Cameroon,2004,58.8254
"Congo, Dem. Rep.",2004,71.91424
"Congo, Rep.",2004,84.68995
Colombia,2004,18.48794
Comoros,2004,65.67836
Cabo Verde,2004,66.26286
Costa Rica,2004,10.86589
Caribbean small states,2004,12.9059793874309
Cuba,2004,2.15371
Cayman Islands,2004,4.15
Cyprus,2004,0.2
Czechia,2004,0.05
Germany,2004,0.0
Djibouti,2004,72.35662
Denmark,2004,0.0
Dominican Republic,2004,25.42881
Europe & Central Asia (excluding high income),2004,16.4362697751295
Europe & Central Asia,2004,4.65028229743946
Ecuador,2004,57.8
"Egypt, Arab Rep.",2004,31.20583
Euro area,2004,0.2781559097899
Eritrea,2004,72.35662
Estonia,2004,0.05
Ethiopia,2004,85.98109
European Union,2004,0.812708814063248
Fragile and conflict affected situations,2004,52.572914997048
Finland,2004,0.0
Fiji,2004,15.0
France,2004,0.0
Gabon,2004,53.6879
United Kingdom,2004,0.1
Georgia,2004,13.2148
Ghana,2004,53.64802
Guinea,2004,42.3337
"Gambia, The",2004,53.31504
Equatorial Guinea,2004,58.82956
Greece,2004,0.25
Guatemala,2004,51.0228
Guyana,2004,25.31799
High income,2004,1.2964691820699
Honduras,2004,43.24
Heavily indebted poor countries (HIPC),2004,70.9214494712485
Croatia,2004,0.4
Haiti,2004,58.67204
Hungary,2004,12.9
IDA total,2004,63.5692748013654
IDA blend,2004,62.3538257621158
Indonesia,2004,31.81729
IDA only,2004,64.4596492808285
Ireland,2004,6.7
"Iran, Islamic Rep.",2004,55.97413
Iraq,2004,36.98314
Iceland,2004,0.0
Italy,2004,0.02
Kazakhstan,2004,18.89002
Kenya,2004,60.09171
Kyrgyz Republic,2004,38.2146
Cambodia,2004,73.6
Kiribati,2004,15.55
Kuwait,2004,0.0
Latin America & Caribbean (excluding high income),2004,29.2669242403563
Lao PDR,2004,47.5
Lebanon,2004,92.4
Liberia,2004,75.48823
Libya,2004,41.5949
St. Lucia,2004,4.5
Latin America & Caribbean,2004,28.1781621340985
Least developed countries: UN classification,2004,65.1703442075578
Low income,2004,72.0802700373092
Sri Lanka,2004,55.97413
Lesotho,2004,58.59683
Lithuania,2004,3.3
Luxembourg,2004,0.0009
Latvia,2004,2.4
Morocco,2004,27.57876
Monaco,2004,0.0
Moldova,2004,20.8
Madagascar,2004,86.63257
Maldives,2004,41.535
"Middle East, North Africa, Afghanistan & Pakistan",2004,48.3832580901208
Mexico,2004,28.73289
Marshall Islands,2004,2.2
North Macedonia,2004,1.3
Mali,2004,75.48678
Malta,2004,0.0375
Myanmar,2004,35.81751
"Middle East, North Africa, Afghanistan & Pakistan (excluding high income)",2004,50.2266276323789
Montenegro,2004,18.5
Mongolia,2004,49.65902
Mozambique,2004,83.06817
Mauritania,2004,77.94
Mauritius,2004,72.35662
Malawi,2004,74.38269
North America,2004,0.204891964126543
Namibia,2004,42.25878
Niger,2004,70.15403
Nigeria,2004,69.08224
Nicaragua,2004,69.07378
Netherlands,2004,0.0
Norway,2004,0.0
Nepal,2004,60.52627
Nauru,2004,2.75
New Zealand,2004,0.0
OECD members,2004,5.52764427049727
Oman,2004,3.55
Other small states,2004,32.9416461435071
Pakistan,2004,68.17208
Panama,2004,40.05308
Peru,2004,43.71555
Philippines,2004,47.16139
Palau,2004,1.7
Papua New Guinea,2004,19.75
Poland,2004,1.55
Pre-demographic dividend,2004,65.9084107405608
Portugal,2004,0.95
Paraguay,2004,36.03286
West Bank and Gaza,2004,30.0
Pacific island small states,2004,11.7092704210148
Post-demographic dividend,2004,0.590069314756992
Romania,2004,3.65
Russian Federation,2004,3.5
Rwanda,2004,64.45814
Sudan,2004,99.1
Senegal,2004,60.04485
Singapore,2004,0.0
Solomon Islands,2004,10.4
Sierra Leone,2004,72.5475
El Salvador,2004,49.5
"Somalia, Fed. Rep.",2004,72.35662
Serbia,2004,0.6
Sub-Saharan Africa (excluding high income),2004,62.0747090221526
South Sudan,2004,99.8
Sub-Saharan Africa,2004,63.1983376486907
Small states,2004,27.038831482669
Sao Tome and Principe,2004,61.4
Suriname,2004,9.10421
Slovak Republic,2004,0.05
Sweden,2004,0.25
Eswatini,2004,55.35217
Seychelles,2004,72.35662
Syrian Arab Republic,2004,31.30597
Chad,2004,89.32919
Europe & Central Asia (IDA & IBRD countries),2004,9.09329680197387
Togo,2004,62.78541
Turkmenistan,2004,10.50752
Latin America & the Caribbean (IDA & IBRD countries),2004,28.7311900426708
Timor-Leste,2004,56.1
"Middle East, North Africa, Afghanistan & Pakistan (IDA & IBRD)",2004,50.4657753512082
Tonga,2004,1.8
Sub-Saharan Africa (IDA & IBRD countries),2004,63.1983376486907
Trinidad and Tobago,2004,11.06
Turkiye,2004,21.79329
Tuvalu,2004,4.25
Tanzania,2004,72.81275
Uganda,2004,75.52337
Ukraine,2004,4.6
Uruguay,2004,23.67571
United States,2004,0.2
Uzbekistan,2004,23.97195
"Venezuela, RB",2004,25.7
British Virgin Islands,2004,2.8713
Viet Nam,2004,35.429
Vanuatu,2004,4.55
Samoa,2004,4.55
"Yemen, Rep.",2004,58.56911
South Africa,2004,26.84803
Zambia,2004,60.67926
Zimbabwe,2004,26.33104
Aruba,2006,0.0
Africa Eastern and Southern,2006,59.7368516636814
Afghanistan,2006,63.6
Africa Western and Central,2006,64.05889141725
Angola,2006,25.79191
Albania,2006,20.5
Andorra,2006,0.0
Arab World,2006,36.5255724105933
United Arab Emirates,2006,0.95
Argentina,2006,18.11494
Armenia,2006,11.3289
Australia,2006,0.125
Austria,2006,4.4
Azerbaijan,2006,32.93
Burundi,2006,71.68054
Belgium,2006,0.0
Benin,2006,70.68586
Burkina Faso,2006,65.51314
Bangladesh,2006,56.3783
Bulgaria,2006,0.1
Bosnia and Herzegovina,2006,4.9
Belize,2006,15.75333
Bermuda,2006,0.1
Bolivia,2006,51.15337
Brazil,2006,24.81844
Brunei Darussalam,2006,32.35866
Bhutan,2006,55.27324
Botswana,2006,52.32451
Central African Republic,2006,77.43913
Canada,2006,0.3
Central Europe and the Baltics,2006,2.46342970766859
Switzerland,2006,0.0
Chile,2006,7.3
Cote d'Ivoire,2006,62.45466
Cameroon,2006,55.55619
"Congo, Dem. Rep.",2006,72.37482
"Congo, Rep.",2006,78.45821
Colombia,2006,17.14349
Comoros,2006,66.27029
Cabo Verde,2006,63.82988
Costa Rica,2006,9.95087
Caribbean small states,2006,12.4813124394098
Cuba,2006,3.20225
Cayman Islands,2006,4.15
Cyprus,2006,0.25
Czechia,2006,0.05
Germany,2006,0.0
Djibouti,2006,69.89404
Denmark,2006,0.0
Dominican Republic,2006,23.06549
Algeria,2006,30.8
Europe & Central Asia (excluding high income),2006,15.0335284252075
Europe & Central Asia,2006,4.30332634343237
Ecuador,2006,57.8
"Egypt, Arab Rep.",2006,25.69566
Euro area,2006,0.267152085363308
Eritrea,2006,69.89404
Estonia,2006,0.1
Ethiopia,2006,82.88584
European Union,2006,0.738606895409293
Fragile and conflict affected situations,2006,52.4425736788916
Finland,2006,0.0
Fiji,2006,14.5
France,2006,0.0
Gabon,2006,51.81685
United Kingdom,2006,0.1
Georgia,2006,12.44783
Ghana,2006,50.28782
Guinea,2006,43.16788
"Gambia, The",2006,51.5123
Equatorial Guinea,2006,59.17237
Greece,2006,0.2
Guatemala,2006,48.78615
Guyana,2006,23.67077
High income,2006,1.77857226089596
Honduras,2006,40.9
Heavily indebted poor countries (HIPC),2006,68.616954873044
Croatia,2006,0.35
Haiti,2006,57.36641
Hungary,2006,11.6
IDA total,2006,61.9844312506085
IDA blend,2006,60.455933415818
Indonesia,2006,30.1631
IDA only,2006,63.0740508220457
Ireland,2006,6.9
"Iran, Islamic Rep.",2006,55.27324
Iraq,2006,38.52762
Iceland,2006,0.0
Italy,2006,0.02
Kazakhstan,2006,16.10598
Kenya,2006,58.54531
Kyrgyz Republic,2006,33.74269
Cambodia,2006,67.9
Kiribati,2006,14.35
"Korea, Rep.",2006,12.8
Kuwait,2006,0.0
Latin America & Caribbean (excluding high income),2006,27.1272560790556
Lao PDR,2006,44.1
Lebanon,2006,92.41022
Liberia,2006,74.59566
Libya,2006,35.16781
St. Lucia,2006,3.9
Latin America & Caribbean,2006,26.2254224582376
Least developed countries: UN classification,2006,64.1778627221331
Low income,2006,70.0531234151635
Sri Lanka,2006,55.27324
Lesotho,2006,54.46637
Lithuania,2006,2.85
Luxembourg,2006,0.00343
Latvia,2006,2.15
Morocco,2006,24.79078
Monaco,2006,0.0
Moldova,2006,18.0
Madagascar,2006,84.23101
Maldives,2006,41.535
"Middle East, North Africa, Afghanistan & Pakistan",2006,44.6583895359409
Mexico,2006,27.01784
Marshall Islands,2006,2.0
North Macedonia,2006,1.15
Mali,2006,71.29204
Malta,2006,0.0375
Myanmar,2006,39.02659
"Middle East, North Africa, Afghanistan & Pakistan (excluding high income)",2006,46.1926591441238
Montenegro,2006,17.3
Mongolia,2006,45.68648
Mozambique,2006,79.55451
Mauritania,2006,74.5634
Mauritius,2006,69.89404
Malawi,2006,70.86866
North America,2006,0.209828291153103
Namibia,2006,42.10975
Niger,2006,70.21202
Nigeria,2006,66.56972
Nicaragua,2006,67.81162
Netherlands,2006,0.0
Norway,2006,0.0
Nepal,2006,57.63426
Nauru,2006,2.25
New Zealand,2006,0.0
OECD members,2006,5.61606256367321
Oman,2006,2.9
Other small states,2006,32.177001260813
Pakistan,2006,66.64728
Panama,2006,35.74154
Peru,2006,41.86678
Philippines,2006,45.75529
Palau,2006,1.5
Papua New Guinea,2006,20.1
Poland,2006,1.25
Pre-demographic dividend,2006,64.5700307935075
Portugal,2006,0.75
Paraguay,2006,33.03571
West Bank and Gaza,2006,29.07112
Pacific island small states,2006,11.1249849801397
Post-demographic dividend,2006,1.26888874110973
Romania,2006,3.5
Russian Federation,2006,3.35
Rwanda,2006,60.97695
Sudan,2006,99.08834
Senegal,2006,56.48985
Singapore,2006,0.0
Solomon Islands,2006,8.95
Sierra Leone,2006,69.80989
El Salvador,2006,46.49143
"Somalia, Fed. Rep.",2006,69.89404
Serbia,2006,0.6
Sub-Saharan Africa (excluding high income),2006,60.70034700492
South Sudan,2006,99.8
Sub-Saharan Africa,2006,61.7453097082142
Small states,2006,26.4549183592126
Sao Tome and Principe,2006,61.4
Suriname,2006,9.94123
Slovak Republic,2006,0.05
Sweden,2006,0.25
Eswatini,2006,47.92817
Seychelles,2006,69.89404
Syrian Arab Republic,2006,30.43709
Chad,2006,88.20191
Europe & Central Asia (IDA & IBRD countries),2006,8.44609874387382
Togo,2006,59.54209
Turkmenistan,2006,10.25739
Latin America & the Caribbean (IDA & IBRD countries),2006,26.702255112736
Timor-Leste,2006,56.1
"Middle East, North Africa, Afghanistan & Pakistan (IDA & IBRD)",2006,46.3668984649908
Tonga,2006,1.65
Sub-Saharan Africa (IDA & IBRD countries),2006,61.7453097082142
Trinidad and Tobago,2006,10.28
Tunisia,2006,10.4
Turkiye,2006,20.39926
Tuvalu,2006,3.75
Tanzania,2006,68.55511
Uganda,2006,72.83447
Ukraine,2006,3.9
Uruguay,2006,19.95
United States,2006,0.2
Uzbekistan,2006,21.18651
"Venezuela, RB",2006,25.7
British Virgin Islands,2006,2.5769
Viet Nam,2006,30.48516
Vanuatu,2006,4.45
Samoa,2006,3.9
"Yemen, Rep.",2006,55.94758
South Africa,2006,26.46718
Zambia,2006,59.12662
Zimbabwe,2006,25.73569
Aruba,2008,0.0
Africa Eastern and Southern,2008,58.900209205313
Afghanistan,2008,63.6
Africa Western and Central,2008,61.5581645429543
Angola,2008,31.92344
Albania,2008,17.9
Andorra,2008,0.0
Arab World,2008,33.4522151494013
United Arab Emirates,2008,0.8
Argentina,2008,17.3893
Armenia,2008,10.83987
Australia,2008,0.105
Azerbaijan,2008,26.92667
Burundi,2008,66.31802
Belgium,2008,0.0
Benin,2008,70.29258
Burkina Faso,2008,59.94701
Bangladesh,2008,55.73415
Bulgaria,2008,0.15
Bosnia and Herzegovina,2008,4.7
Belize,2008,15.74933
Bermuda,2008,0.1
Bolivia,2008,48.88953
Brazil,2008,21.51132
Brunei Darussalam,2008,30.56831
Bhutan,2008,54.47522
Botswana,2008,50.20189
Central African Republic,2008,74.59712
Canada,2008,0.45
Central Europe and the Baltics,2008,2.13560307269611
Switzerland,2008,0.0
Chile,2008,7.3
Cote d'Ivoire,2008,60.91402
Cameroon,2008,52.28699
"Congo, Dem. Rep.",2008,73.29596
"Congo, Rep.",2008,72.22646
Colombia,2008,15.79905
Comoros,2008,66.86223
Cabo Verde,2008,61.43036
Costa Rica,2008,9.03585
Caribbean small states,2008,12.0391833476138
Cuba,2008,4.25079
Cayman Islands,2008,4.15
Cyprus,2008,0.25
Czechia,2008,0.05
Germany,2008,0.0
Djibouti,2008,67.40634
Denmark,2008,0.0
Dominican Republic,2008,20.70217
Algeria,2008,30.8
Europe & Central Asia (excluding high income),2008,13.5831550832975
Europe & Central Asia,2008,3.94848981918429
"Egypt, Arab Rep.",2008,20.1855
Euro area,2008,0.163029393693342
Eritrea,2008,67.40634
Estonia,2008,0.1
Ethiopia,2008,79.7906
European Union,2008,0.589267074437148
Fragile and conflict affected situations,2008,53.8158860882602
Finland,2008,0.0
Fiji,2008,13.5
France,2008,0.0
Gabon,2008,49.9458
United Kingdom,2008,0.1
Georgia,2008,11.68087
Ghana,2008,46.92763
Guinea,2008,44.00206
"Gambia, The",2008,49.70956
Guinea-Bissau,2008,75.2
Equatorial Guinea,2008,59.85517
Greece,2008,0.15
Guatemala,2008,46.5495
Guyana,2008,22.02354
High income,2008,1.1179877868458
Honduras,2008,38.56
Heavily indebted poor countries (HIPC),2008,66.3493509013339
Croatia,2008,0.35
Haiti,2008,56.06078
Hungary,2008,10.4
IDA total,2008,60.2383921205468
IDA blend,2008,58.5279851528256
Indonesia,2008,28.5089
IDA only,2008,61.4553240170203
Ireland,2008,7.2
"Iran, Islamic Rep.",2008,54.47522
Iraq,2008,40.07209
Iceland,2008,0.0
Italy,2008,0.02
Kazakhstan,2008,13.32194
Kenya,2008,56.99891
Kyrgyz Republic,2008,29.27078
Cambodia,2008,62.3
Kiribati,2008,13.1
Kuwait,2008,0.0
Latin America & Caribbean (excluding high income),2008,24.192640553459
Lao PDR,2008,40.7
Lebanon,2008,67.30186
Liberia,2008,72.81052
Libya,2008,30.98409
St. Lucia,2008,3.35
Latin America & Caribbean,2008,23.4203624449467
Least developed countries: UN classification,2008,63.0636119470817
Low income,2008,67.9139994770791
Sri Lanka,2008,54.47522
Lesotho,2008,50.33592
Lithuania,2008,2.4
Luxembourg,2008,0.00596
Latvia,2008,1.85
Morocco,2008,22.0028
Monaco,2008,0.0
Moldova,2008,15.1
Madagascar,2008,81.82945
Maldives,2008,40.9775
"Middle East, North Africa, Afghanistan & Pakistan",2008,42.5900619358904
Mexico,2008,25.3028
Marshall Islands,2008,1.65
North Macedonia,2008,1.0
Mali,2008,67.09729
Malta,2008,0.0375
Myanmar,2008,42.23566
"Middle East, North Africa, Afghanistan & Pakistan (excluding high income)",2008,44.2266518106096
Montenegro,2008,16.1
Mongolia,2008,41.71394
Mozambique,2008,76.04086
Mauritania,2008,71.18681
Mauritius,2008,67.40634
Malawi,2008,67.35464
North America,2008,0.224648794830533
Namibia,2008,41.96073
Niger,2008,70.27001
Nigeria,2008,64.0572
Nicaragua,2008,67.2
Netherlands,2008,0.0
Norway,2008,0.0
Nepal,2008,54.74225
Nauru,2008,1.85
New Zealand,2008,0.0
OECD members,2008,4.96944576223769
Oman,2008,2.3
Other small states,2008,31.2593603923358
Pakistan,2008,65.12249
Panama,2008,31.43
Peru,2008,40.018
Philippines,2008,44.34919
Palau,2008,1.3
Papua New Guinea,2008,20.5
Poland,2008,0.85
Pre-demographic dividend,2008,63.1541431773935
Portugal,2008,0.55
Paraguay,2008,30.03857
West Bank and Gaza,2008,27.16442
Pacific island small states,2008,10.2228210663373
Post-demographic dividend,2008,0.473672592309312
Romania,2008,3.25
Russian Federation,2008,3.3
Rwanda,2008,57.49576
Sudan,2008,94.00333
Senegal,2008,52.93485
Singapore,2008,0.0
Solomon Islands,2008,7.5
Sierra Leone,2008,67.07228
El Salvador,2008,40.48857
"Somalia, Fed. Rep.",2008,67.40634
Serbia,2008,0.55
Sub-Saharan Africa (excluding high income),2008,59.1636456740406
South Sudan,2008,99.80584
Sub-Saharan Africa,2008,60.1470965612547
Small states,2008,25.669516447563
Sao Tome and Principe,2008,60.3972
Suriname,2008,10.77825
Slovak Republic,2008,0.05
Sweden,2008,0.2
Eswatini,2008,40.50418
Seychelles,2008,67.40634
Syrian Arab Republic,2008,28.53389
Chad,2008,87.07463
Europe & Central Asia (IDA & IBRD countries),2008,7.78184316236641
Togo,2008,56.29878
Turkmenistan,2008,10.00727
Latin America & the Caribbean (IDA & IBRD countries),2008,23.8394946261017
Timor-Leste,2008,54.0
"Middle East, North Africa, Afghanistan & Pakistan (IDA & IBRD)",2008,44.4014274487697
Tonga,2008,1.45
Sub-Saharan Africa (IDA & IBRD countries),2008,60.1470965612547
Trinidad and Tobago,2008,9.5
Tunisia,2008,10.4
Turkiye,2008,19.00523
Tuvalu,2008,2.55
Tanzania,2008,64.29748
Uganda,2008,70.14557
Ukraine,2008,3.2
Uruguay,2008,16.22429
United States,2008,0.2
Uzbekistan,2008,18.41311
British Virgin Islands,2008,2.2824
Viet Nam,2008,25.54133
Vanuatu,2008,4.35
Samoa,2008,3.2
"Yemen, Rep.",2008,53.32605
South Africa,2008,26.08634
Zambia,2008,57.57398
Zimbabwe,2008,25.14033
Belarus,2009,0.004
Aruba,2010,0.0
Africa Eastern and Southern,2010,58.0815813959072
Afghanistan,2010,64.80761
Africa Western and Central,2010,58.9930156029489
Angola,2010,38.05496
Albania,2010,15.4
Andorra,2010,0.0
Arab World,2010,30.7864640001183
United Arab Emirates,2010,0.65
Argentina,2010,16.66365
Armenia,2010,10.35084
Antigua and Barbuda,2010,2.6463
Australia,2010,0.085
Azerbaijan,2010,26.92667
Burundi,2010,60.9555
Belgium,2010,0.0
Benin,2010,69.89931
Burkina Faso,2010,54.38089
Bangladesh,2010,55.08999
Bulgaria,2010,0.15
Bosnia and Herzegovina,2010,4.5
Belize,2010,15.74533
Bermuda,2010,0.1
Bolivia,2010,46.62568
Brazil,2010,18.20421
Brunei Darussalam,2010,28.77162
Bhutan,2010,53.69789
Botswana,2010,48.07927
Central African Republic,2010,71.75511
Canada,2010,0.5
Central Europe and the Baltics,2010,1.82550757600451
Switzerland,2010,0.0
Cote d'Ivoire,2010,59.37338
Cameroon,2010,49.01779
"Congo, Dem. Rep.",2010,74.21711
"Congo, Rep.",2010,65.99471
Colombia,2010,14.4546
Comoros,2010,67.45416
Cabo Verde,2010,58.95417
Costa Rica,2010,8.12083
Caribbean small states,2010,11.4831225719653
Cuba,2010,5.29933
Cayman Islands,2010,4.15
Cyprus,2010,0.25
Czechia,2010,0.05
Germany,2010,0.0
Djibouti,2010,64.81973
Denmark,2010,0.0
Dominican Republic,2010,18.33885
Algeria,2010,30.8
Europe & Central Asia (excluding high income),2010,12.3576410152227
Europe & Central Asia,2010,3.64831845819108
"Egypt, Arab Rep.",2010,14.67533
Euro area,2010,0.154473829158269
Eritrea,2010,64.81973
Estonia,2010,0.1
Ethiopia,2010,76.69536
European Union,2010,0.510232008188122
Fragile and conflict affected situations,2010,52.6433271888884
Finland,2010,0.0
Fiji,2010,12.5
France,2010,0.0
Gabon,2010,48.07475
United Kingdom,2010,0.1
Georgia,2010,10.9139
Ghana,2010,43.56743
Guinea,2010,44.83624
"Gambia, The",2010,47.90681
Guinea-Bissau,2010,75.2
Equatorial Guinea,2010,60.60063
Greece,2010,0.1
Guatemala,2010,44.31286
Guyana,2010,20.37632
High income,2010,1.33679962206931
Honduras,2010,36.22
Heavily indebted poor countries (HIPC),2010,64.1271267486003
Croatia,2010,0.35
Haiti,2010,54.75515
Hungary,2010,9.1
IDA total,2010,58.5263271806012
IDA blend,2010,56.5584811569018
Indonesia,2010,26.85471
IDA only,2010,59.9257964399432
Ireland,2010,7.5
"Iran, Islamic Rep.",2010,53.69789
Iraq,2010,41.61657
Iceland,2010,0.0
Italy,2010,0.02
Kazakhstan,2010,10.5379
Kenya,2010,55.45251
Kyrgyz Republic,2010,24.79887
Cambodia,2010,56.6
Kiribati,2010,11.8
"Korea, Rep.",2010,9.3
Kuwait,2010,0.0
Latin America & Caribbean (excluding high income),2010,21.9788854113438
Lao PDR,2010,37.3
Lebanon,2010,42.19351
Liberia,2010,71.02538
Libya,2010,27.87211
St. Lucia,2010,2.75
Latin America & Caribbean,2010,21.7936676928431
Least developed countries: UN classification,2010,61.9382694405431
Low income,2010,66.0602807198205
Sri Lanka,2010,53.69789
Lesotho,2010,46.20546
Lithuania,2010,2.0
Luxembourg,2010,0.00848
Latvia,2010,1.6
Morocco,2010,19.21482
Monaco,2010,0.0
Moldova,2010,12.3
Madagascar,2010,79.42789
Maldives,2010,39.8625
"Middle East, North Africa, Afghanistan & Pakistan",2010,40.7193830948895
Mexico,2010,23.58776
Marshall Islands,2010,1.35
North Macedonia,2010,0.8
Mali,2010,62.90255
Malta,2010,0.0375
Myanmar,2010,45.44474
"Middle East, North Africa, Afghanistan & Pakistan (excluding high income)",2010,42.3466703322293
Montenegro,2010,14.9
Mongolia,2010,37.7414
Mozambique,2010,72.5272
Mauritania,2010,67.81021
Mauritius,2010,64.81973
Malawi,2010,63.84062
North America,2010,0.229734367038109
Namibia,2010,41.8117
Niger,2010,70.32799
Nigeria,2010,61.54467
Nicaragua,2010,67.2
Netherlands,2010,0.0
Norway,2010,0.0
Nepal,2010,51.85024
Nauru,2010,1.35
New Zealand,2010,0.0
OECD members,2010,4.86268204424998
Oman,2010,1.65
Other small states,2010,30.1988364052713
Pakistan,2010,63.59769
Panama,2010,27.11846
Peru,2010,38.16923
Philippines,2010,42.94309
Palau,2010,1.05
Papua New Guinea,2010,20.9
Poland,2010,0.55
Pre-demographic dividend,2010,61.6148624864596
Portugal,2010,0.4
Paraguay,2010,27.04143
West Bank and Gaza,2010,25.25772
Pacific island small states,2010,9.29986665112144
Post-demographic dividend,2010,0.956176029270942
Romania,2010,2.95
Russian Federation,2010,3.2
Rwanda,2010,54.01458
Sudan,2010,88.91831
Senegal,2010,49.37985
Singapore,2010,0.0
Solomon Islands,2010,6.05
Sierra Leone,2010,64.33467
El Salvador,2010,34.48571
"Somalia, Fed. Rep.",2010,64.81973
Serbia,2010,0.5
Sub-Saharan Africa (excluding high income),2010,57.5803371348121
South Sudan,2010,97.0038
Sub-Saharan Africa,2010,58.5105987744302
Small states,2010,24.7151124769268
Sao Tome and Principe,2010,58.45879
Suriname,2010,11.61526
Slovak Republic,2010,0.05
Sweden,2010,0.15
Eswatini,2010,33.08018
Seychelles,2010,64.81973
Syrian Arab Republic,2010,26.99801
Chad,2010,85.94735
Europe & Central Asia (IDA & IBRD countries),2010,7.20472664966126
Togo,2010,53.05546
Turkmenistan,2010,9.75714
Latin America & the Caribbean (IDA & IBRD countries),2010,22.1583271723856
Timor-Leste,2010,50.0
"Middle East, North Africa, Afghanistan & Pakistan (IDA & IBRD)",2010,42.5226677807099
Tonga,2010,1.25
Sub-Saharan Africa (IDA & IBRD countries),2010,58.5105987744302
Trinidad and Tobago,2010,8.72
Tunisia,2010,10.14415
Turkiye,2010,17.61119
Tuvalu,2010,1.45
Tanzania,2010,60.03984
Uganda,2010,67.45666
Ukraine,2010,2.5
Uruguay,2010,12.49857
United States,2010,0.2
Uzbekistan,2010,15.62992
British Virgin Islands,2010,1.988
Viet Nam,2010,20.59749
Vanuatu,2010,4.25
Samoa,2010,2.55
"Yemen, Rep.",2010,50.70453
South Africa,2010,25.7055
Zambia,2010,56.02134
Zimbabwe,2010,24.54498
Aruba,2012,0.0
Africa Eastern and Southern,2012,57.2182143287021
Afghanistan,2012,67.24795
Africa Western and Central,2012,56.4257469133284
Angola,2012,44.18648
Albania,2012,12.9
Andorra,2012,0.0
Arab World,2012,27.5041156568181
United Arab Emirates,2012,0.5
Argentina,2012,15.93801
Armenia,2012,9.86181
Antigua and Barbuda,2012,2.6463
Australia,2012,0.065
Azerbaijan,2012,26.92667
Burundi,2012,55.59298
Belgium,2012,0.0
Benin,2012,69.50603
Burkina Faso,2012,48.81476
Bangladesh,2012,54.44584
Bulgaria,2012,0.15
Bosnia and Herzegovina,2012,4.3
Belize,2012,15.74133
Bermuda,2012,0.1
Bolivia,2012,46.62568
Brazil,2012,14.8971
Brunei Darussalam,2012,27.04235
Bhutan,2012,52.94421
Botswana,2012,45.95664
Central African Republic,2012,68.9131
Canada,2012,0.55
Central Europe and the Baltics,2012,1.51495002648539
Switzerland,2012,0.0
Cote d'Ivoire,2012,57.83274
Cameroon,2012,45.74859
"Congo, Dem. Rep.",2012,75.13825
"Congo, Rep.",2012,59.76296
Colombia,2012,13.11016
Comoros,2012,68.0461
Cabo Verde,2012,56.46129
Costa Rica,2012,7.20581
Caribbean small states,2012,11.0818378464298
Cuba,2012,6.34787
Cayman Islands,2012,4.15
Cyprus,2012,0.25
Czechia,2012,0.05
Germany,2012,0.0
Djibouti,2012,62.16985
Denmark,2012,0.0
Dominican Republic,2012,15.97552
Algeria,2012,28.88661
Europe & Central Asia (excluding high income),2012,11.0963130180284
Europe & Central Asia,2012,3.34649981878471
"Egypt, Arab Rep.",2012,9.16517
Euro area,2012,0.143864778868301
Eritrea,2012,62.16985
Estonia,2012,0.1
Ethiopia,2012,73.60011
European Union,2012,0.434703604250062
Fragile and conflict affected situations,2012,51.5240705427948
Finland,2012,0.0
Fiji,2012,11.4
France,2012,0.0
Gabon,2012,46.2037
United Kingdom,2012,0.1
Georgia,2012,10.14694
Ghana,2012,40.20724
Guinea,2012,45.67042
"Gambia, The",2012,46.10407
Guinea-Bissau,2012,75.24783
Equatorial Guinea,2012,61.41705
Greece,2012,0.05
Guatemala,2012,42.07621
Guyana,2012,18.7291
High income,2012,0.8452973998821
Honduras,2012,33.88
Heavily indebted poor countries (HIPC),2012,61.1133805639327
Croatia,2012,0.3
Haiti,2012,53.44951
Hungary,2012,7.9
IDA total,2012,56.4765938772642
IDA blend,2012,54.5938362189986
Indonesia,2012,25.20051
IDA only,2012,57.8122670768059
Ireland,2012,7.7
"Iran, Islamic Rep.",2012,52.94421
Iraq,2012,43.16104
Iceland,2012,0.0
Italy,2012,0.02
Kazakhstan,2012,7.75386
Kenya,2012,53.90611
Kyrgyz Republic,2012,20.32696
Cambodia,2012,51.0
Kiribati,2012,10.6
Kuwait,2012,0.0
Latin America & Caribbean (excluding high income),2012,19.8575545000593
Lao PDR,2012,33.8
Lebanon,2012,17.08516
Liberia,2012,69.24025
Libya,2012,24.29979
St. Lucia,2012,2.2
Latin America & Caribbean,2012,19.6600521640084
Least developed countries: UN classification,2012,60.8209651033459
Low income,2012,64.5580440341376
Sri Lanka,2012,52.94421
Lesotho,2012,42.075
Lithuania,2012,1.55
Luxembourg,2012,0.01101
Latvia,2012,1.3
Morocco,2012,16.42684
Monaco,2012,0.0
Moldova,2012,9.4
Madagascar,2012,77.02633
Maldives,2012,38.7475
"Middle East, North Africa, Afghanistan & Pakistan",2012,38.4696277383267
Mexico,2012,21.87272
Marshall Islands,2012,1.0
North Macedonia,2012,0.65
Mali,2012,58.7078
Malta,2012,0.0375
Myanmar,2012,48.65382
"Middle East, North Africa, Afghanistan & Pakistan (excluding high income)",2012,40.3722759094574
Montenegro,2012,13.6
Mongolia,2012,33.76886
Mozambique,2012,69.01354
Mauritania,2012,64.43361
Mauritius,2012,62.16985
Malawi,2012,60.32659
North America,2012,0.234784283693312
Namibia,2012,41.66268
Niger,2012,70.38598
Nigeria,2012,59.03215
Nicaragua,2012,7.2549
Netherlands,2012,0.0
Norway,2012,0.0
Nepal,2012,48.95823
Nauru,2012,0.9
New Zealand,2012,0.0
OECD members,2012,4.34327671053661
Oman,2012,1.0
Other small states,2012,29.0243072547782
Pakistan,2012,62.0729
Panama,2012,22.80692
Peru,2012,46.08282
Philippines,2012,41.53699
Palau,2012,0.85
Papua New Guinea,2012,21.3
Poland,2012,0.25
Pre-demographic dividend,2012,60.0872338578653
Portugal,2012,0.25
Paraguay,2012,24.04429
West Bank and Gaza,2012,23.35102
Pacific island small states,2012,8.29986207509193
Post-demographic dividend,2012,0.3916020697409
Qatar,2012,0.0
Romania,2012,2.65
Russian Federation,2012,3.15
Rwanda,2012,50.53339
Sudan,2012,83.8333
Senegal,2012,45.82485
Singapore,2012,0.0
Solomon Islands,2012,4.6
Sierra Leone,2012,61.59705
El Salvador,2012,28.48286
"Somalia, Fed. Rep.",2012,62.16985
Serbia,2012,0.5
Sub-Saharan Africa (excluding high income),2012,55.9679378184887
South Sudan,2012,94.20176
Sub-Saharan Africa,2012,56.8439430910134
Small states,2012,23.7104996317482
Sao Tome and Principe,2012,56.52039
Suriname,2012,12.45228
Slovak Republic,2012,0.05
Sweden,2012,0.15
Eswatini,2012,25.65619
Seychelles,2012,62.16985
Syrian Arab Republic,2012,25.43429
Chad,2012,84.82007
Europe & Central Asia (IDA & IBRD countries),2012,6.60465055388454
Togo,2012,49.81214
Turkmenistan,2012,9.50701
Latin America & the Caribbean (IDA & IBRD countries),2012,19.9473141782233
Timor-Leste,2012,46.0
"Middle East, North Africa, Afghanistan & Pakistan (IDA & IBRD)",2012,40.5489884230074
Tonga,2012,1.1
Sub-Saharan Africa (IDA & IBRD countries),2012,56.8439430910134
Trinidad and Tobago,2012,7.94
Tunisia,2012,9.64392
Turkiye,2012,16.21716
Tuvalu,2012,0.35
Tanzania,2012,55.78221
Uganda,2012,64.76776
Ukraine,2012,1.8
Uruguay,2012,8.77286
United States,2012,0.2
Uzbekistan,2012,12.83512
British Virgin Islands,2012,1.6388
Viet Nam,2012,15.65365
Vanuatu,2012,4.15
Samoa,2012,1.85
"Yemen, Rep.",2012,48.083
South Africa,2012,25.32466
Zambia,2012,54.4687
Zimbabwe,2012,23.94962
Aruba,2014,0.0
Africa Eastern and Southern,2014,56.3614909794462
Afghanistan,2014,69.68829
Africa Western and Central,2014,53.851319939696
Angola,2014,50.31801
Albania,2014,10.3
Andorra,2014,0.0
Arab World,2014,24.1319045295516
United Arab Emirates,2014,0.4
Argentina,2014,15.2
Armenia,2014,9.37278
Antigua and Barbuda,2014,2.6463
Australia,2014,0.045
Burundi,2014,50.23046
Belgium,2014,0.0
Benin,2014,69.11276
Burkina Faso,2014,43.24863
Bangladesh,2014,53.80168
Bulgaria,2014,0.2
Bosnia and Herzegovina,2014,4.0
Belize,2014,15.73733
Bermuda,2014,0.1
Bolivia,2014,46.62568
Brazil,2014,14.8971
Brunei Darussalam,2014,25.29948
Bhutan,2014,52.19329
Botswana,2014,43.83402
Central African Republic,2014,68.9131
Canada,2014,0.65
Central Europe and the Baltics,2014,1.31020425738478
Switzerland,2014,0.0
Cote d'Ivoire,2014,56.2921
Cameroon,2014,42.47939
"Congo, Dem. Rep.",2014,76.0594
"Congo, Rep.",2014,53.53121
Colombia,2014,11.76571
Comoros,2014,68.63803
Cabo Verde,2014,53.93736
Costa Rica,2014,6.29079
Caribbean small states,2014,10.8856679082039
Cuba,2014,7.3964
Cayman Islands,2014,4.15
Cyprus,2014,0.25
Czechia,2014,0.05
Germany,2014,0.0
Djibouti,2014,59.52948
Denmark,2014,0.0
Dominican Republic,2014,13.6122
Algeria,2014,24.98121
Europe & Central Asia (excluding high income),2014,9.14092534624303
Europe & Central Asia,2014,2.68355294214756
"Egypt, Arab Rep.",2014,3.655
Euro area,2014,0.129047273216219
Eritrea,2014,59.52948
Spain,2014,0.05
Estonia,2014,0.1
Ethiopia,2014,70.50487
European Union,2014,0.355549779049202
Fragile and conflict affected situations,2014,50.5206132110664
Finland,2014,0.0
Fiji,2014,10.4
France,2014,0.0
Gabon,2014,44.33265
United Kingdom,2014,0.1
Georgia,2014,9.37997
Ghana,2014,36.84704
Guinea,2014,46.5046
"Gambia, The",2014,44.30132
Guinea-Bissau,2014,71.63847
Equatorial Guinea,2014,62.38752
Guatemala,2014,39.83957
Guyana,2014,17.08187
High income,2014,0.936484269091454
Honduras,2014,31.54
Heavily indebted poor countries (HIPC),2014,59.0425442480746
Croatia,2014,0.3
Haiti,2014,52.14388
Hungary,2014,7.2
IDA total,2014,54.8959197497584
IDA blend,2014,52.5891189821084
Indonesia,2014,23.54632
IDA only,2014,56.5269249508446
Ireland,2014,8.0
"Iran, Islamic Rep.",2014,52.19329
Iraq,2014,44.70552
Iceland,2014,0.0
Italy,2014,0.02
Jordan,2014,12.9
Kazakhstan,2014,4.96982
Kenya,2014,52.35971
Kyrgyz Republic,2014,15.85505
Cambodia,2014,45.4
Kiribati,2014,9.35
"Korea, Rep.",2014,4.7
Kuwait,2014,0.0
Latin America & Caribbean (excluding high income),2014,19.1879840031935
Lao PDR,2014,30.4
Lebanon,2014,4.5
Liberia,2014,67.45511
Libya,2014,20.2535
St. Lucia,2014,1.6
Latin America & Caribbean,2014,18.9441759148179
Least developed countries: UN classification,2014,59.7148339852557
Low income,2014,63.4977637599736
Sri Lanka,2014,52.19329
Lesotho,2014,37.94455
Lithuania,2014,1.1
Luxembourg,2014,0.01354
Latvia,2014,1.05
Morocco,2014,13.63886
Monaco,2014,0.0
Moldova,2014,6.5
Madagascar,2014,74.62477
Maldives,2014,37.6325
"Middle East, North Africa, Afghanistan & Pakistan",2014,35.8276572346528
Mexico,2014,20.15767
Marshall Islands,2014,0.75
North Macedonia,2014,0.5
Mali,2014,54.51306
Malta,2014,0.0375
Myanmar,2014,51.8629
"Middle East, North Africa, Afghanistan & Pakistan (excluding high income)",2014,37.693457226563
Montenegro,2014,12.4
Mongolia,2014,29.79631
Mozambique,2014,65.49988
Mauritania,2014,61.05702
Mauritius,2014,59.52948
Malawi,2014,56.81257
North America,2014,0.244791993945859
Namibia,2014,41.51365
Niger,2014,70.44397
Nigeria,2014,56.51963
Nicaragua,2014,6.3867
Netherlands,2014,0.0
Norway,2014,0.0
Nepal,2014,46.06622
Nauru,2014,0.55
New Zealand,2014,0.0
OECD members,2014,3.94160851232007
Oman,2014,0.5
Other small states,2014,27.7607332387734
Pakistan,2014,60.5481
Panama,2014,18.49538
Peru,2014,47.05334
Philippines,2014,40.13089
Palau,2014,0.65
Papua New Guinea,2014,21.65
Poland,2014,0.05
Pre-demographic dividend,2014,58.5963689964933
Portugal,2014,0.15
Paraguay,2014,21.04714
West Bank and Gaza,2014,21.44433
Pacific island small states,2014,7.35137145513222
Post-demographic dividend,2014,0.594141940262085
Qatar,2014,0.0
Romania,2014,2.4
Russian Federation,2014,3.0
Rwanda,2014,47.0522
Sudan,2014,78.74829
Senegal,2014,42.26985
Singapore,2014,0.0
Solomon Islands,2014,3.15
Sierra Leone,2014,58.85944
El Salvador,2014,22.48
"Somalia, Fed. Rep.",2014,59.52948
Serbia,2014,0.45
Sub-Saharan Africa (excluding high income),2014,54.359266264839
South Sudan,2014,94.2
Sub-Saharan Africa,2014,55.1747426203882
Small states,2014,22.6872207287321
Sao Tome and Principe,2014,54.58198
Suriname,2014,13.2893
Slovak Republic,2014,0.05
Sweden,2014,0.15
Eswatini,2014,18.23219
Seychelles,2014,59.52948
Syrian Arab Republic,2014,24.12942
Chad,2014,83.69279
Europe & Central Asia (IDA & IBRD countries),2014,5.56636140096623
Togo,2014,46.56882
Turkmenistan,2014,9.25688
Latin America & the Caribbean (IDA & IBRD countries),2014,19.1869259892759
Timor-Leste,2014,42.0
"Middle East, North Africa, Afghanistan & Pakistan (IDA & IBRD)",2014,37.8591917391751
Tonga,2014,0.95
Sub-Saharan Africa (IDA & IBRD countries),2014,55.1747426203882
Trinidad and Tobago,2014,7.5
Tunisia,2014,9.14369
Turkiye,2014,14.82313
Tuvalu,2014,1.2058
Tanzania,2014,51.52457
Uganda,2014,62.07886
Ukraine,2014,1.1
Uruguay,2014,5.04714
United States,2014,0.2
Uzbekistan,2014,10.05116
British Virgin Islands,2014,1.6388
Viet Nam,2014,10.70982
Vanuatu,2014,4.0
Samoa,2014,1.15
"Yemen, Rep.",2014,45.46147
South Africa,2014,24.94382
Zambia,2014,52.91605
Zimbabwe,2014,23.35427
Aruba,2016,0.0
Africa Eastern and Southern,2016,55.5067915320135
Afghanistan,2016,72.12863
Africa Western and Central,2016,51.2842627913565
Angola,2016,56.44953
Albania,2016,7.8
Andorra,2016,0.0
Arab World,2016,22.8908154915966
United Arab Emirates,2016,0.25
Argentina,2016,14.5
Armenia,2016,8.88375
Antigua and Barbuda,2016,2.6463
Australia,2016,0.035
Burundi,2016,44.86794
Belgium,2016,0.0
Benin,2016,68.71948
Burkina Faso,2016,37.6825
Bangladesh,2016,53.15752
Bulgaria,2016,0.2
Bosnia and Herzegovina,2016,4.0
Belize,2016,15.73333
Bermuda,2016,0.1
Brazil,2016,14.8971
Brunei Darussalam,2016,23.5391
Bhutan,2016,51.44004
Botswana,2016,41.71139
Central African Republic,2016,68.9131
Canada,2016,0.7
Central Europe and the Baltics,2016,2.86210025908928
Switzerland,2016,0.0
Cote d'Ivoire,2016,54.75146
Cameroon,2016,39.21019
"Congo, Dem. Rep.",2016,76.98054
"Congo, Rep.",2016,47.29947
Colombia,2016,10.42127
Comoros,2016,68.6
Cabo Verde,2016,51.40312
Costa Rica,2016,5.37577
Caribbean small states,2016,10.9093933332507
Cuba,2016,8.44494
Cayman Islands,2016,4.15
Cyprus,2016,0.3
Czechia,2016,0.05
Germany,2016,0.0
Djibouti,2016,56.84264
Denmark,2016,0.0
Dominican Republic,2016,11.24888
Algeria,2016,21.07581
Europe & Central Asia (excluding high income),2016,8.13901403451783
Europe & Central Asia,2016,2.64210065737918
"Egypt, Arab Rep.",2016,0.89992
Euro area,2016,0.127291902560888
Eritrea,2016,56.84264
Spain,2016,0.05
Estonia,2016,0.1
Ethiopia,2016,67.40962
European Union,2016,0.662702565778734
Fragile and conflict affected situations,2016,49.8111146236143
Finland,2016,0.0
Fiji,2016,9.4
France,2016,0.0
Gabon,2016,44.33265
United Kingdom,2016,0.1
Georgia,2016,8.61301
Ghana,2016,33.48685
Guinea,2016,47.33878
"Gambia, The",2016,42.49858
Guinea-Bissau,2016,68.0291
Equatorial Guinea,2016,63.47137
Guatemala,2016,37.60292
Guyana,2016,15.43465
High income,2016,1.0566777357168
Honduras,2016,31.5
Heavily indebted poor countries (HIPC),2016,57.3219352924265
Croatia,2016,0.25
Haiti,2016,50.83825
Hungary,2016,7.2
IDA total,2016,53.02687469919
IDA blend,2016,50.5386048238488
Indonesia,2016,21.89212
IDA only,2016,54.7549575388314
Ireland,2016,8.3
"Iran, Islamic Rep.",2016,51.44004
Iraq,2016,46.24999
Iceland,2016,0.0
Italy,2016,0.02
Jordan,2016,23.4
Kazakhstan,2016,2.18578
Kenya,2016,50.81331
Kyrgyz Republic,2016,11.38314
Cambodia,2016,39.7
Kiribati,2016,8.1
"Korea, Rep.",2016,5.8
Kuwait,2016,0.0
Latin America & Caribbean (excluding high income),2016,17.9138721236355
Lao PDR,2016,27.0
Lebanon,2016,4.5
Liberia,2016,65.66997
Libya,2016,17.23863
St. Lucia,2016,1.05
Latin America & Caribbean,2016,17.6474554254254
Least developed countries: UN classification,2016,58.6211107252063
Low income,2016,62.1307135180317
Sri Lanka,2016,51.44004
Lesotho,2016,33.81409
Lithuania,2016,0.65
Luxembourg,2016,0.01606
Latvia,2016,0.8
Morocco,2016,10.85088
Monaco,2016,0.0
Moldova,2016,6.5
Madagascar,2016,72.22321
Maldives,2016,36.5175
"Middle East, North Africa, Afghanistan & Pakistan",2016,34.7136192265923
Mexico,2016,18.44263
Marshall Islands,2016,0.45
North Macedonia,2016,0.3
Mali,2016,50.31832
Malta,2016,0.0375
Myanmar,2016,55.07197
"Middle East, North Africa, Afghanistan & Pakistan (excluding high income)",2016,36.6480530257364
Montenegro,2016,11.2
Mongolia,2016,25.82377
Mozambique,2016,61.98622
Mauritania,2016,57.68042
Mauritius,2016,56.84264
Malawi,2016,53.29854
North America,2016,0.249747454991091
Namibia,2016,41.36463
Niger,2016,70.44397
Nigeria,2016,54.00711
Nicaragua,2016,5.5185
Netherlands,2016,0.0
Norway,2016,0.0
Nepal,2016,43.17421
Nauru,2016,0.55
New Zealand,2016,0.0
OECD members,2016,3.85556026986095
Oman,2016,0.3
Other small states,2016,26.3796837475196
Pakistan,2016,59.0233
Panama,2016,16.3
Peru,2016,45.86166
Philippines,2016,38.7248
Palau,2016,0.4
Papua New Guinea,2016,22.0
Poland,2016,4.5
Pre-demographic dividend,2016,57.1284463654924
Portugal,2016,0.1
Paraguay,2016,18.05
West Bank and Gaza,2016,19.53763
Pacific island small states,2016,6.44688313774942
Post-demographic dividend,2016,0.661799501496574
Qatar,2016,0.0
Romania,2016,2.1
Russian Federation,2016,2.9
Rwanda,2016,43.57101
Sudan,2016,73.66328
Senegal,2016,38.71484
Singapore,2016,0.0
Solomon Islands,2016,2.0
Sierra Leone,2016,56.12183
El Salvador,2016,16.47714
"Somalia, Fed. Rep.",2016,56.84264
Serbia,2016,0.45
Sub-Saharan Africa (excluding high income),2016,52.7572487502338
South Sudan,2016,94.2
Sub-Saharan Africa,2016,53.5099848791563
Small states,2016,21.6217261352068
Sao Tome and Principe,2016,52.64358
Suriname,2016,14.12632
Slovak Republic,2016,0.05
Sweden,2016,0.1
Eswatini,2016,10.8082
Seychelles,2016,56.84264
Syrian Arab Republic,2016,23.91932
Chad,2016,82.56551
Europe & Central Asia (IDA & IBRD countries),2016,5.45698688985373
Togo,2016,43.32551
Tajikistan,2016,0.05
Turkmenistan,2016,9.00675
Latin America & the Caribbean (IDA & IBRD countries),2016,17.8397336938203
Timor-Leste,2016,37.9
"Middle East, North Africa, Afghanistan & Pakistan (IDA & IBRD)",2016,36.8237987249293
Tonga,2016,0.75
Sub-Saharan Africa (IDA & IBRD countries),2016,53.5099848791563
Trinidad and Tobago,2016,7.5
Tunisia,2016,8.64346
Turkiye,2016,14.12611
Tuvalu,2016,1.1005
Tanzania,2016,47.26693
Uganda,2016,59.38995
Ukraine,2016,1.1
Uruguay,2016,1.3
United States,2016,0.2
Uzbekistan,2016,7.29256
British Virgin Islands,2016,1.6388
Viet Nam,2016,5.76598
Vanuatu,2016,4.1
Samoa,2016,0.5
"Yemen, Rep.",2016,44.2
South Africa,2016,24.56298
Zambia,2016,51.36341
Zimbabwe,2016,22.75892
Aruba,2018,0.0
Africa Eastern and Southern,2018,55.0743332711032
Afghanistan,2018,73.3
Africa Western and Central,2018,49.0797008790995
Angola,2018,62.58105
Albania,2018,5.3
Andorra,2018,0.0
Arab World,2018,22.5973913297001
United Arab Emirates,2018,0.1
Argentina,2018,14.5
Armenia,2018,8.39472
Antigua and Barbuda,2018,2.6463
Australia,2018,0.035
Burundi,2018,39.50542
Belgium,2018,0.0
Benin,2018,68.3262
Burkina Faso,2018,32.11638
Bangladesh,2018,52.51337
Bulgaria,2018,0.2
Bahrain,2018,0.0
Bosnia and Herzegovina,2018,4.0
Belize,2018,15.72933
Bermuda,2018,0.1
Brunei Darussalam,2018,22.43622
Bhutan,2018,50.66515
Botswana,2018,39.58877
Central African Republic,2018,68.9131
Canada,2018,0.8
Central Europe and the Baltics,2018,2.17887728011013
Switzerland,2018,0.0
Cote d'Ivoire,2018,53.21082
Cameroon,2018,35.94099
"Congo, Dem. Rep.",2018,77.90169
"Congo, Rep.",2018,44.18359
Colombia,2018,9.7
Comoros,2018,68.6
Cabo Verde,2018,49.20007
Costa Rica,2018,4.46075
Cuba,2018,9.49348
Cyprus,2018,0.3
Czechia,2018,0.05
Germany,2018,0.0
Djibouti,2018,53.3709
Denmark,2018,0.0
Dominican Republic,2018,11.24888
Algeria,2018,17.17042
Early-demographic dividend,2018,21.9066190474094
Europe & Central Asia (excluding high income),2018,7.90611616020218
Europe & Central Asia,2018,2.66896185293339
"Egypt, Arab Rep.",2018,0.89992
Euro area,2018,0.139966067253171
Eritrea,2018,53.3709
Estonia,2018,0.1
Ethiopia,2018,64.31438
European Union,2018,0.547473705946052
Fragile and conflict affected situations,2018,49.3278738641011
Finland,2018,0.0
Fiji,2018,9.4
France,2018,0.0
Gabon,2018,44.33265
United Kingdom,2018,0.1
Georgia,2018,7.84604
Ghana,2018,33.48685
Guinea,2018,48.17296
"Gambia, The",2018,40.69583
Guinea-Bissau,2018,64.41973
Equatorial Guinea,2018,64.67379
Guatemala,2018,37.6
Guyana,2018,13.78743
High income,2018,1.05252280759233
Honduras,2018,31.5
Heavily indebted poor countries (HIPC),2018,55.7312414932271
Croatia,2018,0.25
Haiti,2018,49.53262
IDA & IBRD total,2018,25.6248973293521
IDA total,2018,51.8969913589005
IDA blend,2018,48.6633435010745
Indonesia,2018,20.23793
IDA only,2018,54.1267396747793
India,2018,5.41
Ireland,2018,8.5
"Iran, Islamic Rep.",2018,50.66515
Iraq,2018,47.79447
Iceland,2018,0.0
Italy,2018,0.02
Kazakhstan,2018,0.79376
Kenya,2018,50.81331
Kyrgyz Republic,2018,6.91123
Cambodia,2018,39.7
Kiribati,2018,6.85
"Korea, Rep.",2018,6.8
Kuwait,2018,0.0
Lao PDR,2018,23.6
Lebanon,2018,4.5
Liberia,2018,63.88484
Libya,2018,16.38228
St. Lucia,2018,0.45
Least developed countries: UN classification,2018,57.8118262394691
Low income,2018,61.1083775581401
Sri Lanka,2018,50.66515
Lower middle income,2018,24.7453031495286
Low & middle income,2018,26.9131855138504
Lesotho,2018,29.68363
Lithuania,2018,0.25
Luxembourg,2018,0.01733
Latvia,2018,0.6
Morocco,2018,10.85088
Monaco,2018,0.0
Moldova,2018,6.5
Madagascar,2018,69.82165
Maldives,2018,35.4025
"Middle East, North Africa, Afghanistan & Pakistan",2018,34.2682101135128
Mexico,2018,17.6
Marshall Islands,2018,0.1
Middle income,2018,23.626799641092
North Macedonia,2018,0.15
Mali,2018,46.12357
Malta,2018,0.0375
Myanmar,2018,58.28105
"Middle East, North Africa, Afghanistan & Pakistan (excluding high income)",2018,36.407983154045
Montenegro,2018,10.0
Mongolia,2018,21.85123
Mozambique,2018,58.47257
Mauritania,2018,56.0
Mauritius,2018,53.3709
Malawi,2018,49.78452
North America,2018,0.215277430440359
Namibia,2018,41.4
Niger,2018,70.44397
Nigeria,2018,51.49458
Nicaragua,2018,5.5185
Netherlands,2018,0.0
Norway,2018,0.0
Nepal,2018,40.2822
Nauru,2018,1.7969
New Zealand,2018,0.0
OECD members,2018,3.92779893909185
Oman,2018,0.15
Other small states,2018,25.1447180711377
Pakistan,2018,57.49851
Panama,2018,16.3
Peru,2018,44.21753
Philippines,2018,37.3187
Palau,2018,0.3
Papua New Guinea,2018,22.4
Poland,2018,4.3
Pre-demographic dividend,2018,55.9214850415884
Portugal,2018,0.05
Paraguay,2018,15.05286
West Bank and Gaza,2018,19.5
Pacific island small states,2018,6.29027458129548
Post-demographic dividend,2018,0.680096666330046
Qatar,2018,0.0
Romania,2018,1.85
Russian Federation,2018,2.85
Rwanda,2018,40.08982
South Asia,2018,11.3901129909305
Sudan,2018,73.7
Senegal,2018,35.15984
Singapore,2018,0.0
Solomon Islands,2018,1.95
Sierra Leone,2018,53.38422
El Salvador,2018,16.5
"Somalia, Fed. Rep.",2018,53.3709
Serbia,2018,0.4
Sub-Saharan Africa (excluding high income),2018,51.5774951814316
South Sudan,2018,94.2
Sub-Saharan Africa,2018,52.2437764140913
Small states,2018,21.8837084568926
Sao Tome and Principe,2018,52.6
Suriname,2018,14.96333
Slovak Republic,2018,0.05
Sweden,2018,0.1
Eswatini,2018,10.8082
Seychelles,2018,53.3709
Syrian Arab Republic,2018,25.18149
Chad,2018,82.0
Europe & Central Asia (IDA & IBRD countries),2018,5.30775000933568
Togo,2018,40.08219
Turkmenistan,2018,8.75663
Timor-Leste,2018,33.9
"Middle East, North Africa, Afghanistan & Pakistan (IDA & IBRD)",2018,36.588107840097
Tonga,2018,0.6
South Asia (IDA & IBRD),2018,11.3901129909305
Sub-Saharan Africa (IDA & IBRD countries),2018,52.2437764140913
Tunisia,2018,8.14324
Turkiye,2018,14.12611
Tuvalu,2018,0.9951
Tanzania,2018,43.0093
Uganda,2018,56.70105
Ukraine,2018,1.1
Uruguay,2018,1.3
United States,2018,0.15
Uzbekistan,2018,5.35972
British Virgin Islands,2018,0.13562
Viet Nam,2018,5.76598
Vanuatu,2018,4.15
World,2018,19.4182505213373
Samoa,2018,0.25
"Yemen, Rep.",2018,44.2
South Africa,2018,24.18213
Zambia,2018,49.81077
Zimbabwe,2018,22.16356
Belarus,2019,0.004
India,2019,5.41
South Asia,2019,5.41
Thailand,2019,2.0
South Asia (IDA & IBRD),2019,5.41
Aruba,2020,0.0
Africa Eastern and Southern,2020,54.6783936489693
Afghanistan,2020,73.3
Africa Western and Central,2020,47.0889308158865
Angola,2020,62.6
Albania,2020,2.8
Andorra,2020,0.0
Arab World,2020,22.9176423426598
United Arab Emirates,2020,0.2265
Argentina,2020,14.5
Armenia,2020,8.39472
Antigua and Barbuda,2020,2.6463
Australia,2020,0.035
Burundi,2020,36.8
Belgium,2020,0.0
Benin,2020,67.93293
Burkina Faso,2020,26.55025
Bangladesh,2020,51.86921
Bulgaria,2020,0.25
Bosnia and Herzegovina,2020,0.3128
Belize,2020,15.72533
Bermuda,2020,0.1
Brunei Darussalam,2020,21.72738
Bhutan,2020,50.42596
Botswana,2020,39.6
Central African Republic,2020,68.9131
Canada,2020,0.8
Central Europe and the Baltics,2020,1.87113609995484
Switzerland,2020,0.0
Cote d'Ivoire,2020,53.21082
Cameroon,2020,32.67179
"Congo, Dem. Rep.",2020,78.36226
"Congo, Rep.",2020,44.18359
Colombia,2020,9.7
Comoros,2020,68.6
Cabo Verde,2020,46.67545
Costa Rica,2020,3.54573
Cuba,2020,10.54202
Cyprus,2020,0.3
Czechia,2020,0.05
Germany,2020,0.0
Djibouti,2020,51.93824
Denmark,2020,0.0
Dominican Republic,2020,11.24888
Algeria,2020,13.26502
Europe & Central Asia (excluding high income),2020,9.59257460725416
Europe & Central Asia,2020,2.67112394330905
"Egypt, Arab Rep.",2020,0.89992
Euro area,2020,0.143399247212254
Eritrea,2020,51.93824
Estonia,2020,0.1
Ethiopia,2020,64.31438
European Union,2020,0.483375112904654
Fragile and conflict affected situations,2020,52.8492664857946
Finland,2020,0.0
Fiji,2020,9.4
France,2020,0.0
Gabon,2020,44.33265
United Kingdom,2020,0.1
Georgia,2020,7.07908
Ghana,2020,33.48685
Guinea,2020,49.00714
"Gambia, The",2020,38.89309
Guinea-Bissau,2020,60.81037
Equatorial Guinea,2020,64.91767
Guatemala,2020,37.6
Guyana,2020,12.1402
High income,2020,0.902256503722876
Heavily indebted poor countries (HIPC),2020,55.1834177004316
Croatia,2020,0.25
Haiti,2020,48.9
IDA total,2020,50.9321174510055
IDA blend,2020,46.9701533242425
Indonesia,2020,19.41083
IDA only,2020,53.6642445118346
Ireland,2020,8.5
"Iran, Islamic Rep.",2020,50.42596
Iraq,2020,49.33894
Iceland,2020,0.0
Italy,2020,0.02
Kazakhstan,2020,0.79376
Kenya,2020,50.81331
Kyrgyz Republic,2020,2.43932
Cambodia,2020,39.7
Kiribati,2020,5.6
"Korea, Rep.",2020,5.6
Kuwait,2020,0.0
Lao PDR,2020,21.8
Lebanon,2020,4.5
Liberia,2020,63.88484
Libya,2020,23.68082
St. Lucia,2020,0.45
Least developed countries: UN classification,2020,56.9532732865653
Low income,2020,60.0332482942972
Sri Lanka,2020,50.42596
Lesotho,2020,25.55318
Lithuania,2020,0.25
Luxembourg,2020,0.01733
Latvia,2020,0.6
Morocco,2020,10.85088
Monaco,2020,0.0
Madagascar,2020,67.42009
Maldives,2020,34.845
"Middle East, North Africa, Afghanistan & Pakistan",2020,34.0456686351054
Mexico,2020,17.6
Marshall Islands,2020,2.2206
North Macedonia,2020,0.15
Mali,2020,41.92883
Malta,2020,0.0375
Myanmar,2020,58.28105
"Middle East, North Africa, Afghanistan & Pakistan (excluding high income)",2020,35.9865611822257
Montenegro,2020,8.8
Mongolia,2020,17.87869
Mozambique,2020,54.95891
Mauritania,2020,56.0
Mauritius,2020,51.93824
Malawi,2020,49.78452
Malaysia,2020,0.2
North America,2020,0.216052805485095
Namibia,2020,41.4
Niger,2020,70.44397
Nigeria,2020,48.98206
Nicaragua,2020,5.5185
Netherlands,2020,0.0
Norway,2020,0.0
Nepal,2020,40.2822
Nauru,2020,0.59734
New Zealand,2020,0.0
OECD members,2020,3.89369814234428
Oman,2020,0.0
Other small states,2020,24.6383692366653
Pakistan,2020,55.97371
Peru,2020,43.73131
Philippines,2020,36.61565
Palau,2020,0.3
Papua New Guinea,2020,22.8
Poland,2020,3.7
Pre-demographic dividend,2020,54.6361681941766
Portugal,2020,0.05
Paraguay,2020,15.1
West Bank and Gaza,2020,19.5
Pacific island small states,2020,6.21105271143296
Post-demographic dividend,2020,0.587444743324285
Qatar,2020,0.0
Romania,2020,1.55
Russian Federation,2020,2.75
Rwanda,2020,38.34923
Sudan,2020,73.7
Senegal,2020,31.60484
Singapore,2020,0.0
Solomon Islands,2020,1.95
Sierra Leone,2020,50.64661
El Salvador,2020,16.5
"Somalia, Fed. Rep.",2020,51.93824
Serbia,2020,0.35
Sub-Saharan Africa (excluding high income),2020,50.3642693722409
South Sudan,2020,94.2
Sub-Saharan Africa,2020,51.1086583279871
Small states,2020,21.4816142815088
Sao Tome and Principe,2020,52.6
Suriname,2020,15.80035
Slovak Republic,2020,0.05
Sweden,2020,0.1
Eswatini,2020,10.8082
Seychelles,2020,51.93824
Syrian Arab Republic,2020,25.57503
Chad,2020,82.0
Europe & Central Asia (IDA & IBRD countries),2020,5.63310935407638
Togo,2020,38.5
Turkmenistan,2020,8.5065
Timor-Leste,2020,33.9
"Middle East, North Africa, Afghanistan & Pakistan (IDA & IBRD)",2020,36.1643417961415
Tonga,2020,0.35
Sub-Saharan Africa (IDA & IBRD countries),2020,51.1086583279871
Tunisia,2020,7.64301
Turkiye,2020,14.12611
Tuvalu,2020,0.8897
Tanzania,2020,40.88048
Uganda,2020,54.01214
Uruguay,2020,1.3
United States,2020,0.15
Uzbekistan,2020,4.52719
British Virgin Islands,2020,0.13562
Viet Nam,2020,5.76598
Vanuatu,2020,4.15
Samoa,2020,0.25
"Yemen, Rep.",2020,44.2
South Africa,2020,24.2
Zambia,2020,48.25813
Zimbabwe,2020,21.56821
Aruba,2022,0.0
Africa Eastern and Southern,2022,57.047184983302
Afghanistan,2022,71.58904
Africa Western and Central,2022,51.2354204000656
Angola,2022,62.7
Albania,2022,2.7
Andorra,2022,0.0
Arab World,2022,21.9763246707865
United Arab Emirates,2022,0.11325
Argentina,2022,14.5
Armenia,2022,8.39472
Antigua and Barbuda,2022,2.64634
Australia,2022,0.035
Austria,2022,0.04663
Burundi,2022,36.75168
Belgium,2022,0.0
Benin,2022,64.01064
Burkina Faso,2022,87.88175
Bangladesh,2022,51.50833
Bulgaria,2022,0.19661
Bosnia and Herzegovina,2022,0.3128
Belize,2022,15.72533
Bermuda,2022,0.07761
Bolivia,2022,46.62568
Brazil,2022,14.8971
Brunei Darussalam,2022,21.59688
Bhutan,2022,44.6899
Botswana,2022,39.6
Central African Republic,2022,68.9131
Canada,2022,1.09583
Central Europe and the Baltics,2022,2.23232398082079
Switzerland,2022,0.0
Chile,2022,7.324
China,2022,26.32091
Cote d'Ivoire,2022,48.26127
Cameroon,2022,32.67179
"Congo, Dem. Rep.",2022,78.36226
"Congo, Rep.",2022,75.34233
Colombia,2022,9.7
Comoros,2022,48.50155
Cabo Verde,2022,46.41147
Costa Rica,2022,3.54573
Caribbean small states,2022,11.1224523264715
Cuba,2022,11.04101
Cayman Islands,2022,5.47921
Cyprus,2022,0.27235
Czechia,2022,0.02735
Germany,2022,0.0
Djibouti,2022,48.68591
Denmark,2022,0.0
Dominican Republic,2022,11.24888
Algeria,2022,13.246
East Asia & Pacific (excluding high income),2022,26.5259699194444
East Asia & Pacific,2022,23.1931552478206
Europe & Central Asia (excluding high income),2022,10.0385354018065
Europe & Central Asia,2022,2.60581390091589
Ecuador,2022,57.8
"Egypt, Arab Rep.",2022,3.83938
Euro area,2022,0.137399695628924
Eritrea,2022,48.68591
Spain,2022,0.04603
Estonia,2022,0.34543
Ethiopia,2022,64.31438
European Union,2022,0.495964542600259
Fragile and conflict affected situations,2022,54.7959479796761
Finland,2022,0.0
Fiji,2022,9.4
France,2022,0.0
Gabon,2022,38.77297
United Kingdom,2022,0.1625
Georgia,2022,7.07908
Ghana,2022,33.48685
Guinea,2022,43.95734
"Gambia, The",2022,37.08102
Guinea-Bissau,2022,59.0
Equatorial Guinea,2022,64.68739
Guatemala,2022,37.6
Guam,2022,0.5524
Guyana,2022,11.30361
High income,2022,1.08322898087914
Heavily indebted poor countries (HIPC),2022,60.6705130640133
Croatia,2022,0.52712
Haiti,2022,51.05915
IBRD only,2022,22.4299920853121
IDA & IBRD total,2022,30.137705938906
IDA total,2022,53.9393729285568
IDA blend,2022,47.1801614351389
Indonesia,2022,19.41083
IDA only,2022,58.5828988624124
Ireland,2022,8.5
"Iran, Islamic Rep.",2022,44.6899
Iraq,2022,49.33894
Iceland,2022,0.0
Italy,2022,0.02
Jamaica,2022,0.8835
Japan,2022,2.0
Kazakhstan,2022,0.79376
Kenya,2022,40.49575
Kyrgyz Republic,2022,2.43932
Cambodia,2022,42.26983
Kiribati,2022,5.93438
"Korea, Rep.",2022,4.5
Kuwait,2022,0.0
Latin America & Caribbean (excluding high income),2022,19.1581466522955
Lao PDR,2022,54.83946
Lebanon,2022,4.53099
Liberia,2022,60.47684
Libya,2022,16.58153
St. Lucia,2022,0.44067
Latin America & Caribbean,2022,18.7969256730858
Least developed countries: UN classification,2022,61.1140125559472
Low income,2022,61.8360197453438
Sri Lanka,2022,44.6899
Low & middle income,2022,31.4581421394595
Lesotho,2022,25.55318
Late-demographic dividend,2022,20.485132228211
Lithuania,2022,0.50861
Luxembourg,2022,0.01733
Latvia,2022,0.59304
Morocco,2022,10.85088
Monaco,2022,0.0
Madagascar,2022,65.71715
Maldives,2022,34.845
"Middle East, North Africa, Afghanistan & Pakistan",2022,31.7432744166912
Mexico,2022,17.6
Marshall Islands,2022,2.37518
Middle income,2022,28.7746360424873
North Macedonia,2022,0.27796
Mali,2022,92.49697
Malta,2022,0.0375
Myanmar,2022,58.28105
"Middle East, North Africa, Afghanistan & Pakistan (excluding high income)",2022,35.956298477496
Montenegro,2022,8.76922
Mongolia,2022,17.87869
Northern Mariana Islands,2022,0.2
Mozambique,2022,54.95891
Mauritania,2022,58.56017
Mauritius,2022,48.68591
Malawi,2022,37.97408
North America,2022,0.196325297027941
Namibia,2022,41.4
New Caledonia,2022,0.25
Niger,2022,70.44397
Nigeria,2022,48.49726
Netherlands,2022,0.0
Norway,2022,0.0
Nepal,2022,40.05521
Nauru,2022,0.59734
New Zealand,2022,0.0
OECD members,2022,3.58326628665554
Oman,2022,0.0
Other small states,2022,24.1048480006835
Pakistan,2022,55.97371
Panama,2022,16.3
Peru,2022,45.05797
Philippines,2022,35.874
Palau,2022,0.61832
Papua New Guinea,2022,22.2687
Poland,2022,4.21795
Pre-demographic dividend,2022,57.7568068287249
"Korea, Dem. People's Rep.",2022,23.03639
Portugal,2022,0.05897
Paraguay,2022,15.1
Pacific island small states,2022,7.72285177732614
Post-demographic dividend,2022,0.694399511232043
French Polynesia,2022,1.5
Qatar,2022,0.0
Romania,2022,2.52038
Russian Federation,2022,2.61887
Rwanda,2022,38.34923
Saudi Arabia,2022,0.55
Sudan,2022,73.7
Senegal,2022,46.41165
Singapore,2022,0.0
Solomon Islands,2022,1.94965
Sierra Leone,2022,49.27874
El Salvador,2022,16.47714
"Somalia, Fed. Rep.",2022,48.68591
Serbia,2022,1.41509
Sub-Saharan Africa (excluding high income),2022,53.7508814005081
South Sudan,2022,94.2
Sub-Saharan Africa,2022,54.3254203941044
Small states,2022,20.1632230128451
Sao Tome and Principe,2022,82.39333
Suriname,2022,15.80035
Slovak Republic,2022,0.06602
Slovenia,2022,0.52712
Sweden,2022,0.3362
Eswatini,2022,17.00571
Sint Maarten (Dutch part),2022,2.88821
Seychelles,2022,48.68591
Syrian Arab Republic,2022,41.12579
Turks and Caicos Islands,2022,0.6313
Chad,2022,82.0
East Asia & Pacific (IDA & IBRD countries),2022,26.5743012186994
Europe & Central Asia (IDA & IBRD countries),2022,5.91381548720213
Togo,2022,38.46053
Turkmenistan,2022,8.38201
Latin America & the Caribbean (IDA & IBRD countries),2022,18.9378145790574
Timor-Leste,2022,33.92051
"Middle East, North Africa, Afghanistan & Pakistan (IDA & IBRD)",2022,35.956298477496
Tonga,2022,0.30753
Sub-Saharan Africa (IDA & IBRD countries),2022,54.3254203941044
Trinidad and Tobago,2022,8.62727
Tunisia,2022,7.64301
Turkiye,2022,14.12611
Tuvalu,2022,50.89943
Tanzania,2022,70.08585
Uganda,2022,52.68098
Upper middle income,2022,23.6714663563084
Uruguay,2022,1.3
United States,2022,0.09318
Uzbekistan,2022,7.1
St. Vincent and the Grenadines,2022,2.75506
"Venezuela, RB",2022,25.7
British Virgin Islands,2022,0.13562
Virgin Islands (U.S.),2022,1.09573
Viet Nam,2022,32.5
Vanuatu,2022,3.064
World,2022,23.1437351632932
Samoa,2022,34.58533
"Yemen, Rep.",2022,44.2
South Africa,2022,24.2
Zambia,2022,48.25813
Zimbabwe,2022,54.88268
